dataset_id,agg_title_similarity,agg_description_similarity,avg_title_similarity,avg_description_similarity,num_keywords,title,description,keywords,outlier_type
http://data.europa.eu/88u/dataset/land-cover-map-2007-25m-raster-ni,0.6640095114707947,0.4815797507762909,0.6640095114707947,0.4815797507762909,1,"Land Cover Map 2007 (25m raster, NI)","LCM2007 is a parcel-based thematic classification of satellite image data covering the entire United Kingdom. The map updates and upgrades the Land Cover Map of Great Britain (LCMGB) 1990 and LCM2000. Like the earlier 1990 and 2000 products, LCM2007 is derived from a computer classification of satellite scenes obtained mainly from Landsat, IRS and SPOT sensors. It also covers Northern Ireland and incorporates information derived from other ancillary datasets. LCM2007 was classified using a hierarchical nomenclature corresponding to the Joint Nature Conservation Committee (JNCC) Broad Habitats, which encompasses the entire range of UK habitats. In addition, it recorded further detail where possible, incorporating land cover classes sought by other users. LCM2007 is produced in both vector and raster formats, with a number of different versions containing varying levels of detail and at different spatial resolutions. This dataset consists of the 25m raster version, Northern Ireland only. Full details about this dataset can be found at https://doi.org/10.5285/08b78c4b-cd3f-4eeb-a9eb-9c3e88812f16",Land Cover,high
http://data.europa.eu/88u/dataset/conservation-areas82,0.8658241629600525,0.560455322265625,0.7496514320373535,0.4852556884288788,2,Conservation Areas,Dataset showing Conservation Areas and Article 4 Directions located within Dudley Metropolitan Borough.,Area management/restriction/regulation zones and r; Conservation Areas,high
http://data.europa.eu/88u/dataset/economic-activity-plymouth,0.6537357568740845,0.35111522674560547,0.6537357568740845,0.35111522674560547,1,Economic Activity/Status,Data showing the economic activity/status of residents in Plymouth.,Economy,high
http://data.europa.eu/88u/dataset/2021-census-ready-made-table-rm079,0.8223251104354858,0.3587680160999298,0.6250982284545898,0.2727208733558655,2,2021 Census Ready Made Table RM079,"Method used to travel to work by occupation
Table Population: All usual residents aged 16+ in employment the week before the census",2021 census; ready made table,high
http://data.europa.eu/88u/dataset/playgrounds1,0.9371089339256287,0.3469182252883911,0.7855303883552551,0.29080379009246826,4,Belfast City Council Playgrounds,"This data set contains information about our playgrounds, data items include; name, address, longitude, latitude",Belfast; Belfast City Council Playgrounds; Childrens Playgrounds Belfast; playgrounds,high
http://data.europa.eu/88u/dataset/brownfield-register45,0.8220174312591553,0.5782355070114136,0.6096815466880798,0.42887112498283386,3,Brownfield Register,<p>Register of previously developed (brownfield) land within Leicester City.</p>,Brownfield register; Brownfield site; Planning,high
http://data.europa.eu/88u/dataset/2021-census-ready-made-table-rm198,0.8006266951560974,0.4003971815109253,0.6086038947105408,0.30436572432518005,2,2021 Census Ready Made Table RM198,"RM198 - Number of multi-generational households by bedroom occupancy rating
Table Population: All households",2021 census; ready made table,high
http://data.europa.eu/88u/dataset/2021-census-ready-made-table-rm148,0.8003121614456177,0.41453471779823303,0.6083648204803467,0.31511250138282776,2,2021 Census Ready Made Table RM148,"Year last worked by age
Table Population: All usual residents aged 16+ not in employment the week before the census",2021 census; ready made table,high
http://data.europa.eu/88u/dataset/2021-census-ready-made-table-rm062,0.8046392202377319,0.44939664006233215,0.6116541624069214,0.34161311388015747,2,2021 Census Ready Made Table RM062,"Industry by age
Table Population: All usual residents aged 16+ in employment the week before the census",2021 census; ready made table,high
http://data.europa.eu/88u/dataset/lp-minerals-area-of-preferred-extension-to-existing-salt-mine,0.8727269172668457,1.0,0.8727269172668457,1.0,1,LP Minerals Area of Preferred Extension to Existing Salt Mine,Area of Preferred Extension to Existing Salt Mine,Area of Preferred Extension to Existing Salt Mine,high
http://data.europa.eu/88u/dataset/conservation-areas48,0.8093445301055908,0.5877019762992859,0.655038595199585,0.47565338015556335,2,Conservation Areas,Defined Conservations in Carlisle City Council the limit of each Conservation Area is recorded as a polygon. Upon accessing this Licensed Data you will be deemed to have accepted the terms of the Public Sector End User Licence - INSPIRE,Conservation Areas; Protected sites,high
http://data.europa.eu/88u/dataset/local-nature-reserves3,0.737565279006958,0.6165140867233276,0.737565279006958,0.6165140867233276,1,Local Nature Reserves,Areas designated as Local Nature Reserves. Upon accessing this Licensed Data you will be deemed to have accepted the terms of the Public Sector End User Licence - INSPIRE ,nature_reserve,high
http://data.europa.eu/88u/dataset/planning-applications-20144,0.7825156450271606,0.5006863474845886,0.6077268123626709,0.3888491094112396,4,Planning Applications 2014,Planning application boundaries from years 2011 to 2020,land; plan; planning; planning applications,high
http://data.europa.eu/88u/dataset/environmental-permits5,0.8568989038467407,0.5477371215820312,0.6649062633514404,0.42501384019851685,5,Environmental Permits,Details of Environmental Permits including a description of the process permitted and permit holder details.,Environment; Environmental; Environmental Permits; licences; permits,high
http://data.europa.eu/88u/dataset/halton-green-belt,0.832664966583252,0.5051002502441406,0.832664966583252,0.5051002502441406,1,Halton Green Belt,Dataset showing Green Belt within the Councils administrative area. Areas recorded as polygons,Green Belt,high
http://data.europa.eu/88u/dataset/2021-census-ready-made-table-rm201,0.7998044490814209,0.35937076807022095,0.607978880405426,0.2731790840625763,2,2021 Census Ready Made Table RM201,"Tenure by age of Household Reference Person
Table Population: All Household Reference Persons (HRPs)",2021 census; ready made table,high
http://data.europa.eu/88u/dataset/2021-census-ready-made-table-rm073,0.8218810558319092,0.3238770365715027,0.6247606873512268,0.24619820713996887,2,2021 Census Ready Made Table RM073,"Disability by sex by age
Table Population: All Usual residents in households",2021 census; ready made table,high
http://data.europa.eu/88u/dataset/2021-census-ready-made-table-rm006,0.8072503805160522,0.3783596456050873,0.6136389970779419,0.2876136600971222,2,2021 Census Ready Made Table RM006,"Age of youngest dependent child by household type
Table Population: All households",2021 census; ready made table,high
http://data.europa.eu/88u/dataset/ward-profile-jan-2020-fortune-green-ward,0.731468915939331,0.5469344258308411,0.731468915939331,0.5469344258308411,1,Ward Profile Jan-2020 Fortune Green ward,"This updated profile incorporate the most recent ward data available from population forecasts, from surveys and from administrative data to give the best current view of the local population. They include current population and forecast changes; household income levels and deprivation; local workplace employment levels; levels of welfare claimants and unemployment benefit recipients; life expectancy and crime.",ward profile,high
http://data.europa.eu/88u/dataset/secondary-school-attendance,0.770871639251709,0.5711374878883362,0.631196916103363,0.4676527976989746,3,Secondary School Attendance,"Secondary school attendance based on sessions attended for pupils living in the LSOA for the academic year. A session is a half day at school.

As a result of school closures due to the Covid-19 pandemic there will be no attendance data available for 2019/20.",Attendance; School; secondary schools,high
http://data.europa.eu/88u/dataset/halton-brownfield-land-register,0.643019437789917,0.4436141848564148,0.643019437789917,0.4436141848564148,1,Halton Brownfield Land Register,Dataset showing Halton Brownfield Register,Brownfield Land,high
http://data.europa.eu/88u/dataset/2021-census-ready-made-table-rm028,0.7950304746627808,0.4423603117465973,0.6043498516082764,0.33626431226730347,2,2021 Census Ready Made Table RM028,"Ethnic group by occupancy rating (bedrooms)
Table Population: All Usual residents in households",2021 census; ready made table,high
http://data.europa.eu/88u/dataset/private-water-supplies2,0.6562193632125854,0.37814968824386597,0.6562193632125854,0.37814968824386597,1,Private Water Supplies,"This dataset has been derived from information contained in the UNI-form Private Water Supplies module and as such the positioning of the point features is based on the position of the relevant Basic Land Property Unit and not the confirmed position of the water supply.

Further information on these PWS' can be obtained by contacting the Public Health and Environment Service.",water_supply,high
http://data.europa.eu/88u/dataset/forest-management-coupes1,0.7508704662322998,0.23268255591392517,0.6154680252075195,0.19072353839874268,4,Forest Management Coupes,This dataset shows management coupes. These are areas of intended management and may not be implemented when indicated or at all. The feature description field indicates the probable silvicultural system in use and the year field when that action will take place or be completed by.  A related layer is restocking coupes which show what happens to the area after management has taken place,"FORESTRY/WOODLANDS; forest management; forestry (see also timber, silviculture); land use",high
http://data.europa.eu/88u/dataset/camden-autism-needs-assessment,0.7610912322998047,0.7229160070419312,0.6963639259338379,0.6614353656768799,2,Camden Autism Needs Assessment,This needs assessment focuses on the needs of adults with autism   in Camden,autism; autism needs assessment,high
http://data.europa.eu/88u/dataset/2021-census-ready-made-table-rm071,0.8039588332176208,0.2790291905403137,0.6111368536949158,0.21210667490959167,2,2021 Census Ready Made Table RM071,"Disability by provision of unpaid care by sex
Table Population: All usual residents aged 5+ in households",2021 census; ready made table,high
http://data.europa.eu/88u/dataset/york-ward-profiles-2020-21-q1,0.750669002532959,0.592833399772644,0.750669002532959,0.592833399772644,1,York Ward Profiles 2020-21 Q1,"These are the York ward profiles containing information up to June 2020 on the 21 electoral wards using the __post May 2015 election boundaries.__
",ward profiles,high
http://data.europa.eu/88u/dataset/halton-local-wildlife-sites,0.7847278118133545,0.745083749294281,0.7847278118133545,0.745083749294281,1,Halton Local Wildlife Sites,Dataset showing Local Wildlife Sites within the Councils administrative area. Areas recorded as polygons,Local Wildlife Sites,high
http://data.europa.eu/88u/dataset/2021-census-ready-made-table-rm033,0.809624433517456,0.3015033006668091,0.6154435873031616,0.22919058799743652,2,2021 Census Ready Made Table RM033,"Ethnic group of dependent child by sex
Table Population: All dependent children",2021 census; ready made table,high
http://data.europa.eu/88u/dataset/public-toilets7,0.9379733800888062,0.49628734588623047,0.73374342918396,0.3882279694080353,6,Belfast  Public Toilets,"This data set contains information about our public toilets, data items include; name, address, RADAR key, baby changing facilities, longitude, latitude",Belfast; Belfast City Council Toilets; Belfast City Public Toilets; Public; Public Toilets; Toilets,high
http://data.europa.eu/88u/dataset/ward-profile-jan-2020-cantelowes-ward,0.7823909521102905,0.5469344258308411,0.7823909521102905,0.5469344258308411,1,Ward Profile Jan-2020 Cantelowes ward,"This updated profile incorporate the most recent ward data available from population forecasts, from surveys and from administrative data to give the best current view of the local population. They include current population and forecast changes; household income levels and deprivation; local workplace employment levels; levels of welfare claimants and unemployment benefit recipients; life expectancy and crime.",ward profile,high
http://data.europa.eu/88u/dataset/2021-census-ready-made-table-rm003,0.799072265625,0.24242813885211945,0.6074223518371582,0.184284046292305,2,2021 Census Ready Made Table RM003,"Accommodation type by type of central heating in household by tenure
Table Population: All households",2021 census; ready made table,high
http://data.europa.eu/88u/dataset/orthomosaic-imagery-for-the-south-saskatchewan-river-canada,0.6460311412811279,0.6060360670089722,0.6460311412811279,0.6060360670089722,1,"Orthomosaic imagery for the South Saskatchewan River, Canada","Data were collected in 2015, 2016 and 2017 to provide high resolution imagery for two sections of the South Saskatchewan River, Canada. Photographs were acquired using conventional aerial plane images with a 0.06m ground resolution, captured at a height of approximately 1500m from a fixed-wing aeroplane with an UltraCamXp sensor. Imagery was obtained on four occasions (13th May 2015; 2nd Sept 2016; 8th June 2017; and 12th June 2017). The dataset consists of eight orthomosaics; one for each of the two river sections on each of the four dates. Images were collected as part of NERC project NE/L00738X/1. Full details about this dataset can be found at https://doi.org/10.5285/7473d4f9-c9a7-40ad-9f58-e58e25997fc5",South Saskatchewan River,high
http://data.europa.eu/88u/dataset/areas-benefiting-from-flood-defences34,0.6900960206985474,0.6880248188972473,0.6291998624801636,0.6273114085197449,3,Areas Benefiting From Flood Defences,The Areas Benefitting from Flood Defences show areas in Wales that benefit from flood defences that protect against flooding from Rivers and the Sea.  The areas shown benefit from different levels of flood protection and this is recognised in the risk classification shown in the Flood Risk Assessment Wales (FRAW) map. For specific information on the Standard of Protection afforded by flood defences refer to Flood Defences with Standardised Attributes.,flood defence; flood risk; flood risk management,high
http://data.europa.eu/88u/dataset/leicester-wards,0.7006239891052246,0.6354321837425232,0.6506905555725098,0.59014493227005,2,Leicester Wards,<p>Details of all wards within Leicester City Council's boundary</p>,ward boundaries; wards,high
http://data.europa.eu/88u/dataset/habitats-directive-article-17-terrestrial-habitat-features1,0.6107158660888672,0.39401373267173767,0.6107158660888672,0.39401373267173767,1,Habitats Directive: Article 17 Terrestrial Habitat Features,"      The Habitats Directive Article 17 reporting maps are a snapshot of the most up to date spatial data for features listed on the various Annexes of the Directive at the time of reporting. They represent the current known extent and location of features in Wales. The latest 10km2 habitat distribution maps submitted as part of the official Article 17 reporting can be obtained from the JNCC: European reporting | JNCC - Adviser to Government on Nature Conservation. The maps are reviewed and updated every 6 years as part of the Habitats Directive reporting process. (Since EU exit now replaced by Regulation 9a of the Conservation and Species Regulations 2017).
    ",Habitats and biotopes,high
http://data.europa.eu/88u/dataset/york-ward-profiles-2022-23-q1,0.7385870814323425,0.5922926664352417,0.7385870814323425,0.5922926664352417,1,York Ward Profiles 2022-23 Q1,"These are the York ward profiles containing information up to June 2022 on the 21 electoral wards using the __post May 2015 election boundaries.__
",ward profiles,high
http://data.europa.eu/88u/dataset/halton-bap-habitat,0.7882273197174072,0.6215896010398865,0.7882273197174072,0.6215896010398865,1,Halton BAP Habitat,Dataset showing BAP Habitat Areas within the Councils administrative area. Areas recorded as polygons,BAP Habitat,high
http://data.europa.eu/88u/dataset/postcode-unit-area-great-britain,0.7883402109146118,0.6700298190116882,0.604546070098877,0.513818621635437,4,Postcode Unit Area - Great Britain,"The Postcode Unit Area Feature Type is an area representation of the notional extents of areas containing addresses which share a common postcode unit. Notional extents are designed to enable users to display and analyse any data collected at the postcode unit level. These have been refined to avoid property extents and to follow the path of linear features such as roads, rivers and railways where possible. Polygons within this feature type are derived from georeferenced Royal Mail Postal Address File (PAF) delivery addresses. This feature type is for postcodes within Great Britain.",Administrative and Statistical Units Theme; Postcode Area; Postcode District; Postcode Sector,high
http://data.europa.eu/88u/dataset/mid-ulster-council-emergency-support-centres1,0.8465800881385803,0.793650209903717,0.8465800881385803,0.793650209903717,1,Mid Ulster Council Emergency Support Centres,Mid Ulster Council Emergency Support Centres maintained by the Council and the Community,Emergency Support Centres,high
http://data.europa.eu/88u/dataset/2021-census-ready-made-table-rm097,0.8185576796531677,0.38888031244277954,0.6222343444824219,0.29561102390289307,2,2021 Census Ready Made Table RM097,"Occupancy rating (bedrooms) by ethnic group of Household Reference Person
Table Population: All households",2021 census; ready made table,high
http://data.europa.eu/88u/dataset/bolsover-conservation-areas6,0.851607084274292,0.6395384669303894,0.7252348065376282,0.5446355938911438,2,Conservation Areas,"Conservation areas are those parts of the district which have been recognised as having a special architectural or historic interest which is worthy of preservation and enhancement.
When considering planning applications for developments within them, a duty is placed on the local planning authority to pay special attention to the desirability of preserving or enhancing the character or appearance of the conservation area.
",Conservation Areas; environment,high
http://data.europa.eu/88u/dataset/burton-joyce-neighbourhood-plan-boundary,0.6803075075149536,0.25083380937576294,0.6803075075149536,0.25083380937576294,1,Burton Joyce Neighbourhood Plan Boundary,"<span style='font-family:&quot;Avenir Next W01&quot;, &quot;Avenir Next W00&quot;, &quot;Avenir Next&quot;, Avenir, &quot;Helvetica Neue&quot;, sans-serif; font-size:16px;'>Burton Joyce Neighbourhood Plan Boundary</span>",neighbourhood plan,high
http://data.europa.eu/88u/dataset/local-landscape-areas-wfs,0.7196685075759888,0.4486313462257385,0.6310956478118896,0.39341628551483154,2,Local Landscape Areas (WFS),WFS Service provides download capabilities for details of the location and description of local landscape areas (special landscape areas) in Fife.,land use; local landscape areas,high
http://data.europa.eu/88u/dataset/strategic-industrial-land,1.0,0.6270656585693359,1.0,0.6270656585693359,1,Strategic Industrial Land,Strategic Industrial Land in the London Borough of Ealing,Strategic Industrial Land,high
http://data.europa.eu/88u/dataset/heritage-bridges-and-viaducts,0.8365272283554077,0.6820164918899536,0.6592885851860046,0.5375146865844727,3,Heritage Bridges and Viaducts,Heritage Bridges and Viaducts that the City Corporation are responsible for maintaining.,Bridges; Heritage; Viaducts,high
http://data.europa.eu/88u/dataset/allotments-details,0.6874144077301025,0.21092155575752258,0.6874144077301025,0.21092155575752258,1,Allotments Details,<p>This dataset provides details of Allotment sites in Leicester City. Included is a map of the sites and details of the number of plots at each site and the number of people currently on the waiting list.</p>,Allotment,high
http://data.europa.eu/88u/dataset/tree-trails-abbey-park,0.6970546245574951,0.5170161128044128,0.6970546245574951,0.5170161128044128,1,Tree Trails - Abbey Park,"<p style=""margin: 0cm 0cm 12pt; background-image: initial; background-position: initial; background-size: initial; background-repeat: initial; background-attachment: initial; background-origin: initial; background-clip: initial;""><span style='font-size:16.0pt;font-family:""Noto Sans"",sans-serif;
color:#222222'>The Abbey Park tree
trail allows visitors to have a leisurely walk and find out interesting facts
about many of the magnificent trees that reside within the park.</span><span style=""font-size: 10.5pt; font-family: Arial, sans-serif;""><o:p></o:p></span></p><p style=""margin: 0cm 0cm 12pt; background-image: initial; background-position: initial; background-size: initial; background-repeat: initial; background-attachment: initial; background-origin: initial; background-clip: initial;""><span style='font-size:
16.0pt;font-family:""Noto Sans"",sans-serif;color:#222222'>The 21 trees are all
marked with small round numbered metal tags.</span><span style=""font-size: 10.5pt; font-family: Arial, sans-serif;""><o:p></o:p></span></p><p style=""margin: 0cm 0cm 12pt; background-image: initial; background-position: initial; background-size: initial; background-repeat: initial; background-attachment: initial; background-origin: initial; background-clip: initial;""><span style='font-size:
16.0pt;font-family:""Noto Sans"",sans-serif;color:#222222'>This dataset contains
a table of tree details, images of the trees and maps and is best used with a
mobile device where location services can be used to follow the tree trail. <o:p></o:p></span></p><p style=""margin: 0cm 0cm 12pt; background-image: initial; background-position: initial; background-size: initial; background-repeat: initial; background-attachment: initial; background-origin: initial; background-clip: initial;""><span style='font-size:16.0pt;font-family:""Noto Sans"",sans-serif;
color:#222222'>For users who wish to print out a map of the locations of the
trees it is suggested to use the ""Categorised Map"" tab within the
dataset for this purpose by using the snipping tool on a full screen view of
the map. <o:p></o:p></span></p><p>







</p><p style=""margin: 0cm 0cm 12pt; background-image: initial; background-position: initial; background-size: initial; background-repeat: initial; background-attachment: initial; background-origin: initial; background-clip: initial;""><span style='font-size:16.0pt;font-family:""Noto Sans"",sans-serif;
color:#222222'>To download the table of data regarding the trees use the export
""Export"" tab to download the data into a printable spreadsheet format
by using the Excel format option.</span><span style=""font-size: 10.5pt; font-family: Arial, sans-serif;""><o:p></o:p></span></p>",Tree trails,high
http://data.europa.eu/88u/dataset/ward-profile-jan-2020-belsize-ward,0.8013619780540466,0.5469344258308411,0.8013619780540466,0.5469344258308411,1,Ward Profile Jan-2020 Belsize ward,"This updated profile incorporate the most recent ward data available from population forecasts, from surveys and from administrative data to give the best current view of the local population. They include current population and forecast changes; household income levels and deprivation; local workplace employment levels; levels of welfare claimants and unemployment benefit recipients; life expectancy and crime.",ward profile,high
http://data.europa.eu/88u/dataset/york-ward-profiles-2018-19-q4,0.7729706764221191,0.5947490334510803,0.7729706764221191,0.5947490334510803,1,York Ward Profiles 2018-19,"These are the York ward profiles containing information up to March 2019 on the 21 electoral wards using the __post May 2015 election boundaries.__
",ward profiles,high
http://data.europa.eu/88u/dataset/dept-for-infrastructure-information-asset-register,0.8539929986000061,0.778083086013794,0.6508110761642456,0.5929616093635559,3,Department for Infrastructure Information Asset Register,Record of all information assets held by the Department for Infrastructure,Department for Infrastructure; Information Asset; Information Asset Register,high
http://data.europa.eu/88u/dataset/children-in-need-with-open-involvements,0.7473649978637695,0.5906477570533752,0.7473649978637695,0.5906477570533752,1,Children in Need with Open Involvements,"<p>Data showing Children in Need who have social work involvement by Ward.<br />
A child is a Child in Need if they are unlikely to achieve or maintain a reasonable standard of health or development without the provision of social care services by a local authority; their health or development is likely to be significantly impaired without the provision of such services; or they are disabled.</p>
<p>Please note that all totals have been rounded to the nearest 5.<br />
This dataset will be updated soon.</p>
",Children in Need,high
http://data.europa.eu/88u/dataset/green-belt3,0.8882145285606384,0.6118600368499756,0.8882145285606384,0.6118600368499756,1,Green Belt,The extent of the Green belt defined within the East Staffordshire Borough.,greenbelt,high
http://data.europa.eu/88u/dataset/lp-minerals-area-of-preferred-extension-to-existing-silica-sand-quarry,0.6709022521972656,0.7670778036117554,0.6709022521972656,0.7670778036117554,1,LP Minerals Area of Preferred Extension to Existing Silica Sand Quarry,Area of Preferred Extension to Existing Silica Sand Quarry,Area of Preferred Extension to Existing Silica San,high
http://data.europa.eu/88u/dataset/2021-census-ready-made-table-rm204,0.8063757419586182,0.545115053653717,0.6129741668701172,0.41437435150146484,2,2021 Census Ready Made Table RM204,"Number of dwellings
Table Population: All dwellings",2021 census; ready made table,high
http://data.europa.eu/88u/dataset/flood-risk-areas-cycle-12,0.6146265268325806,0.49773478507995605,0.6146265268325806,0.49773478507995605,1,Flood risk areas cycle 1,"      The Cycle 1 Flood Risk Areas are those communities in Wales where most significant flood risks exist from surface water flooding only (from surface water run-off, groundwater and ordinary watercourses). These areas were identified for the purpose of the first Preliminary Flood Risk Assessment under the Flood Risk Regulations 2009 using guidance produced by the Welsh Government to identify areas where flood risk is an issue for greater than 5000 people. The Flood Risk Areas were first identified in 2011 until being replaced in 2018 by the Cycle 2 Flood Risk Areas.
    ",Natural risk zones,high
http://data.europa.eu/88u/dataset/child-poverty2,0.8228909969329834,0.3904339671134949,0.6459094882011414,0.3064621686935425,3,Child Poverty,"<p>The Children in Low-Income Families Local Measure shows the proportion of children living in families in receipt of out-of-work (means-tested) benefits or in receipt of tax credits where their reported income is less than 60% of UK median income.</p>
",Deprivation; Poverty; children,high
http://data.europa.eu/88u/dataset/allotment-lands,0.7826547622680664,0.3982369899749756,0.7826547622680664,0.3982369899749756,1,Allotment Lands,Dataset shows lands within London Borough of Lewisham designed for allotments,land_allotment,high
http://data.europa.eu/88u/dataset/adult-learners-2015-161,0.7672722339630127,0.4729471802711487,0.7672722339630127,0.4729471802711487,1,Adult Learners 2015-16,"<p>Adult Learners 2015-16 by Ward and Activity Type</p>
<p>This dataset will be updated soon.</p>
",Adult Learning,high
http://data.europa.eu/88u/dataset/msoa-boundaries,0.7431067228317261,0.6233095526695251,0.7431067228317261,0.6233095526695251,1,MSOA Boundaries,<p>MSOA boundaries for Leicester City Leicestershire and Rutland<br/></p>,MSOA,high
http://data.europa.eu/88u/dataset/mod-safeguarding-zone,0.7405579686164856,0.5087974071502686,0.7405579686164856,0.5087974071502686,1,MOD Safeguarding Zone,Carlisle City Council MOD Safeguarding Zone. Upon accessing this Licensed Data you will be deemed to have accepted the terms of the Public Sector End User Licence - INSPIRE,Statutory Safeguarding Zones,high
http://data.europa.eu/88u/dataset/regneration-areas,0.6194437146186829,0.7241363525390625,0.6194437146186829,0.7241363525390625,1,Regneration Areas,Regeneration Area as designated on October 2011 Proposals Map,Regeneration Areas,high
http://data.europa.eu/88u/dataset/england-population-count,0.6215896010398865,0.5594145059585571,0.6215896010398865,0.5594145059585571,1,England Population - Count,<p>2020 mid-year population estimates for England.</p>,Population,high
http://data.europa.eu/88u/dataset/burton-joyce-neighbourhood-plan-views-vistas,0.6333831548690796,0.2139866054058075,0.6333831548690796,0.2139866054058075,1,Burton Joyce Neighbourhood Plan - Views Vistas,"<span style='font-family:&quot;Avenir Next W01&quot;, &quot;Avenir Next W00&quot;, &quot;Avenir Next&quot;, Avenir, &quot;Helvetica Neue&quot;, sans-serif; font-size:16px;'>Burton Joyce Neighbourhood Plan - Views Vistas</span>",neighbourhood plan,high
http://data.europa.eu/88u/dataset/land-cover-map-2015-vector-n-ireland,0.6168721914291382,0.4421236515045166,0.6168721914291382,0.4421236515045166,1,"Land Cover Map 2015 (vector, N. Ireland)","This dataset consists of the vector version of the Land Cover Map 2015 (LCM2015) for Northern Ireland. The vector data set is the core LCM data set from which the full range of other LCM2015 products is derived. It provides a number of attributes including land cover at the target class level (given as an integer value and also as text), the number of pixels within the polygon classified as each land cover type and a probability value provided by the classification algorithm (for full details see the LCM2015 Dataset Documentation). The 21 target classes are based on the Joint Nature Conservation Committee (JNCC) Broad Habitats, which encompass the entire range of UK habitats. LCM2015 is a land cover map of the UK which was produced at the Centre for Ecology & Hydrology by classifying satellite images from 2014 and 2015 into 21 Broad Habitat-based classes. LCM2015 consists of a range of raster and vector products and users should familiarise themselves with the full range (see related records, the CEH web site and the LCM2015 Dataset documentation) to select the product most suited to their needs. LCM2015 was produced at the Centre for Ecology & Hydrology by classifying satellite images from 2014 and 2015 into 21 Broad Habitat-based classes. It is one of a series of land cover maps, produced by UKCEH since 1990. They include versions in 1990, 2000, 2007, 2015, 2017, 2018 and 2019. Full details about this dataset can be found at https://doi.org/10.5285/60764028-adeb-4316-987a-14b3b21a8f9a",Land Cover,high
http://data.europa.eu/88u/dataset/contaminated-land14,0.7208036184310913,0.4707973003387451,0.7208036184310913,0.4707973003387451,1,Contaminated Land,"The data represents the sites that have been officially determined as 'Contaminated Land' in Cornwall, under Part IIA of the Environmental Protection Act 1990. Sites are only determined as Contaminated Land after an extensive site investigation and risk assessment process which provides evidence to show that there is  the possibility of significant harm or pollution being caused. Contaminated land is defined legally as land where substances could cause:

significant harm to people or protected species
significant pollution of surface waters or groundwater. 

This mapping layer does not cover sites which may be potentially contaminated. A contaminated land register is held and maintained as prescribed by part 2A of the Environmental Protection Act 1990.  The register is intended to act as a full and permanent record of the regulatory action taken by the enforcement authority in relation to the remediation of contaminated land. In addition to the Contaminated Land Register, there are formal 'Records of Determination' which can be found on Cornwall Councils website",contaminated_area,high
http://data.europa.eu/88u/dataset/heritage-monuments1,0.905376136302948,0.660258412361145,0.8091683983802795,0.5900974273681641,2,Heritage Monuments,Heritage Monuments that the City Corporation are responsible for maintaining.,Heritage; Monuments,high
http://data.europa.eu/88u/dataset/sustainable-transport-strategy-london-strategy2,0.8728363513946533,0.7337433695793152,0.6842901110649109,0.575243353843689,3,Sustainable Transport Strategy - London Strategy,"This forms part of the Sustainable Transport Strategy Resource Library, please click here for more information.
There has never been a larger volume of strategies and guidance for improving transport in London. There are many consultancies as well as government organisations that provide these and they provide the basis for all programmes instigated by Local Authorities.",London Strategy; Sustainable Transport Strategy; Transport,high
http://data.europa.eu/88u/dataset/register-of-private-water-supplies-in-northern-ireland-30-03-20212,0.7681677341461182,0.6990320682525635,0.6417593955993652,0.5840005874633789,5,Register of Private Water Supplies in Northern Ireland (30/03/2021),"<DIV STYLE=""text-align:Left;""><DIV><DIV><P><SPAN STYLE=""font-weight:bold;"">About this layer: </SPAN></P><P><SPAN /><SPAN>A private water supply is any supply of water intended for human consumption and not provided by the water undertaker appointed under Article 13 of The Water and Sewerage Services (Northern Ireland) Order 2006, i.e. NI Water Ltd. The Private Water Supplies Regulations (Northern Ireland) 2017 require the Drinking Water Inspectorate (DWI) to hold a register of private water supplies which includes supplies to public or commercial premises or two or more private dwellings where the water is used for drinking, cooking, food preparation or other domestic purposes. This spatial dataset (polygons) illustrates a layer of 100m by 100m squares, each of which is randomly described around a registered private water supply in Northern Ireland. Both private water supplies currently monitored, or historically monitored, by the Drinking Water Inspectorate at the time of creation of the dataset are identifiable. This dataset was created on 3</SPAN><SPAN>0th March 2021</SPAN><SPAN> and superseded </SPAN><SPAN>29th June 2021.</SPAN></P><P><SPAN STYLE=""font-weight:bold;"">Visualisation: </SPAN><SPAN>This layer can be used for visualisation online in web maps.</SPAN></P><P><SPAN STYLE=""font-weight:bold;"">Analysis: </SPAN><SPAN>This layer can be used in dashboards.</SPAN></P><P><SPAN STYLE=""font-weight:bold;"">Download: </SPAN><SPAN>This data is downloadable.</SPAN></P></DIV></DIV></DIV>",drinking water; private water supplies; private water supplies in northern ireland; private water supply; registered private water suppplies,high
http://data.europa.eu/88u/dataset/2021-census-ready-made-table-rm055,0.8078314065933228,0.32092076539993286,0.6140807271003723,0.24395093321800232,2,2021 Census Ready Made Table RM055,"Highest level of qualification by sex
Table Population: All usual residents aged 16+",2021 census; ready made table,high
http://data.europa.eu/88u/dataset/york-ward-profiles-2023-24-q2,0.7176740169525146,0.5767887830734253,0.7176740169525146,0.5767887830734253,1,York Ward Profiles 2023-24 Q2,"These are the York ward profiles containing information up to September 2023 on the 21 electoral wards using the __post May 2015 election boundaries.__
",ward profiles,high
http://data.europa.eu/88u/dataset/2021-census-ready-made-table-rm053,0.7991908192634583,0.2988414168357849,0.6075124740600586,0.22716714441776276,2,2021 Census Ready Made Table RM053,"Highest level of qualification by main language
Table Population: All usual residents aged 16+",2021 census; ready made table,high
http://data.europa.eu/88u/dataset/register-of-private-water-supplies-in-northern-ireland-30-03-20213,0.7681677341461182,0.6990320682525635,0.6417593955993652,0.5840005874633789,5,Register of Private Water Supplies in Northern Ireland (30/03/2021),"<DIV STYLE=""text-align:Left;""><DIV><DIV><P><SPAN STYLE=""font-weight:bold;"">About this layer: </SPAN></P><P><SPAN /><SPAN>A private water supply is any supply of water intended for human consumption and not provided by the water undertaker appointed under Article 13 of The Water and Sewerage Services (Northern Ireland) Order 2006, i.e. NI Water Ltd. The Private Water Supplies Regulations (Northern Ireland) 2017 require the Drinking Water Inspectorate (DWI) to hold a register of private water supplies which includes supplies to public or commercial premises or two or more private dwellings where the water is used for drinking, cooking, food preparation or other domestic purposes. This spatial dataset (polygons) illustrates a layer of 100m by 100m squares, each of which is randomly described around a registered private water supply in Northern Ireland. Both private water supplies currently monitored, or historically monitored, by the Drinking Water Inspectorate at the time of creation of the dataset are identifiable. This dataset was created on 3</SPAN><SPAN>0th March 2021</SPAN><SPAN> and superseded </SPAN><SPAN>29th June 2021.</SPAN></P><P><SPAN STYLE=""font-weight:bold;"">Visualisation: </SPAN><SPAN>This layer can be used for visualisation online in web maps.</SPAN></P><P><SPAN STYLE=""font-weight:bold;"">Analysis: </SPAN><SPAN>This layer can be used in dashboards.</SPAN></P><P><SPAN STYLE=""font-weight:bold;"">Download: </SPAN><SPAN>This data is downloadable.</SPAN></P></DIV></DIV></DIV>",drinking water; private water supplies; private water supplies in northern ireland; private water supply; registered private water suppplies,high
http://data.europa.eu/88u/dataset/york-ward-profiles-2020-21-q2,0.7531854510307312,0.5878198146820068,0.7531854510307312,0.5878198146820068,1,York Ward Profiles 2020-21 Q2,"These are the York ward profiles containing information up to September 2020 on the 21 electoral wards using the __post May 2015 election boundaries.__
",ward profiles,high
http://data.europa.eu/88u/dataset/historic-parks-and-gardens2,0.6195491552352905,0.6195491552352905,0.6195491552352905,0.6195491552352905,1,Historic Parks and Gardens,Historic Parks and Gardens,Historic Sites,high
http://data.europa.eu/88u/dataset/nndr-credits-2015-2016,0.7465231418609619,0.5419654846191406,0.7465231418609619,0.5419654846191406,1,NNDR - Credits,NNDR Accounts in credit ,NNDR,high
http://data.europa.eu/88u/dataset/prime-agricultural-land,0.7892997860908508,0.5740146636962891,0.7366651892662048,0.5357363820075989,2,Prime Agricultural Land,"This dataset comes from an amalgamation of classes 1 and 2 of the MLURI Land capability classificaton. LCA Class 1 - Land capable of producing a very wide range of crops LCA Class 2 - Land capable of producing a wide range of crops Land Capability for Agriculture maps at 1:250K scale were produced and published in 1982. These maps provided a national and regional appreciation of the location and areal extent of the Land Capability for Agriculture classes and were specifically designed for strategic planning purposes. More detailed maps of the main arable areas of Scotland were carried out and published in the mid 1980's. These covered classes 1, 2 and 3.1. The purpose of these maps was to assist planners and agricultural officers in assessing cases made for development and determining priorities in relation to retaining areas of high quality agricultural land.",Agricultural land; Land use,high
http://data.europa.eu/88u/dataset/ward-profile-jan-2020-frognal-and-fitzjohns-ward,0.6669785380363464,0.5469344258308411,0.6669785380363464,0.5469344258308411,1,Ward Profile Jan-2020 Frognal and Fitzjohns ward,"This updated profile incorporate the most recent ward data available from population forecasts, from surveys and from administrative data to give the best current view of the local population. They include current population and forecast changes; household income levels and deprivation; local workplace employment levels; levels of welfare claimants and unemployment benefit recipients; life expectancy and crime.",ward profile,high
http://data.europa.eu/88u/dataset/register-of-private-water-supplies-in-northern-ireland-30-03-20211,0.7681677341461182,0.6990320682525635,0.6417593955993652,0.5840005874633789,5,Register of Private Water Supplies in Northern Ireland (30/03/2021),"<DIV STYLE=""text-align:Left;""><DIV><DIV><P><SPAN STYLE=""font-weight:bold;"">About this layer: </SPAN></P><P><SPAN /><SPAN>A private water supply is any supply of water intended for human consumption and not provided by the water undertaker appointed under Article 13 of The Water and Sewerage Services (Northern Ireland) Order 2006, i.e. NI Water Ltd. The Private Water Supplies Regulations (Northern Ireland) 2017 require the Drinking Water Inspectorate (DWI) to hold a register of private water supplies which includes supplies to public or commercial premises or two or more private dwellings where the water is used for drinking, cooking, food preparation or other domestic purposes. This spatial dataset (polygons) illustrates a layer of 100m by 100m squares, each of which is randomly described around a registered private water supply in Northern Ireland. Both private water supplies currently monitored, or historically monitored, by the Drinking Water Inspectorate at the time of creation of the dataset are identifiable. This dataset was created on 3</SPAN><SPAN>0th March 2021</SPAN><SPAN> and superseded </SPAN><SPAN>29th June 2021.</SPAN></P><P><SPAN STYLE=""font-weight:bold;"">Visualisation: </SPAN><SPAN>This layer can be used for visualisation online in web maps.</SPAN></P><P><SPAN STYLE=""font-weight:bold;"">Analysis: </SPAN><SPAN>This layer can be used in dashboards.</SPAN></P><P><SPAN STYLE=""font-weight:bold;"">Download: </SPAN><SPAN>This data is downloadable.</SPAN></P></DIV></DIV></DIV>",drinking water; private water supplies; private water supplies in northern ireland; private water supply; registered private water suppplies,high
http://data.europa.eu/88u/dataset/2021-census-ready-made-table-rm051,0.8025224208831787,0.3905644416809082,0.6100449562072754,0.2968912720680237,2,2021 Census Ready Made Table RM051,"Highest level of qualification by household composition
Table Population: All usual residents aged in households 16+",2021 census; ready made table,high
http://data.europa.eu/88u/dataset/halton-tree-preservation-orders,0.787108302116394,0.678107500076294,0.787108302116394,0.678107500076294,1,Halton Tree Preservation Orders,"Dataset showing Tree Preservation Orders within the Councils administrative area. Individual Trees, groups, woodlands, parklands and areas recorded as polygons",Tree preservation orders,high
http://data.europa.eu/88u/dataset/calverton-neighbourhood-plan-retain-open-frontage,0.674811601638794,0.2604161500930786,0.674811601638794,0.2604161500930786,1,Calverton Neighbourhood Plan - Retain Open Frontage,"<span style='font-family:&quot;Avenir Next W01&quot;, &quot;Avenir Next W00&quot;, &quot;Avenir Next&quot;, Avenir, &quot;Helvetica Neue&quot;, sans-serif; font-size:16px;'>Calverton Neighbourhood Plan - Retain Open Frontage</span>",neighbourhood plan,high
http://data.europa.eu/88u/dataset/potentially-contaminated-land,0.8894557952880859,0.4705946147441864,0.7911313772201538,0.4185730516910553,2,Potentially Contaminated Land,Carlisle City Council Potentially Contaminated Land.  Upon accessing this Licensed Data you will be deemed to have accepted the terms of the Public Sector End User Licence - INSPIRE,Land use; Potentially Contaminated Land,high
http://data.europa.eu/88u/dataset/linby-neighbourhood-plan-community-assets,0.656125545501709,0.2148948311805725,0.656125545501709,0.2148948311805725,1,Linby Neighbourhood Plan - Community Assets,"<span style='font-family:&quot;Avenir Next W01&quot;, &quot;Avenir Next W00&quot;, &quot;Avenir Next&quot;, Avenir, &quot;Helvetica Neue&quot;, sans-serif; font-size:16px;'>Linby Neighbourhood Plan - Community Assets</span>",neighbourhood plan,high
http://data.europa.eu/88u/dataset/york-ward-profiles-2019-20-q3,0.7341932654380798,0.5928508043289185,0.7341932654380798,0.5928508043289185,1,York Ward Profiles 2019-20 Q3,"These are the York ward profiles containing information up to 31st December 2019 on the 21 electoral wards using the __post May 2015 election boundaries.__
",ward profiles,high
http://data.europa.eu/88u/dataset/ward-profile-jan-2020-camden-town-with-primrose-hill-ward,0.6878746747970581,0.5469344258308411,0.6878746747970581,0.5469344258308411,1,Ward Profile Jan-2020 Camden Town with Primrose Hill ward,"This updated profile incorporate the most recent ward data available from population forecasts, from surveys and from administrative data to give the best current view of the local population. They include current population and forecast changes; household income levels and deprivation; local workplace employment levels; levels of welfare claimants and unemployment benefit recipients; life expectancy and crime.",ward profile,high
http://data.europa.eu/88u/dataset/ward-profile-jan-2020-holborn-and-covent-garden-ward,0.6633516550064087,0.5469344258308411,0.6633516550064087,0.5469344258308411,1,Ward Profile Jan-2020 Holborn and Covent Garden ward,"This updated profile incorporate the most recent ward data available from population forecasts, from surveys and from administrative data to give the best current view of the local population. They include current population and forecast changes; household income levels and deprivation; local workplace employment levels; levels of welfare claimants and unemployment benefit recipients; life expectancy and crime.",ward profile,high
http://data.europa.eu/88u/dataset/exploring-how-to-measure-social-integration-using-digital-and-online-data1,0.6898281574249268,0.5978065729141235,0.6898281574249268,0.5978065729141235,1,Exploring how to measure social integration using digital and online data,"As part of the Mayor's Social Integration Strategy published in March 2018, one of the commitments was to develop a more comprehensive set of measures for social integration and to carry out bespoke and innovative data collection for London to achieve this.
This scoping study conducted by the Centre for Analysis of Social Media at Demos and commissioned by the GLA is the first step towards looking at more innovative data collection methods.
The report highlights the potential opportunities and pitfalls in using digital and online data in measuring social integration in London, identifies a diverse selection of sources available and provides an outline of potential use cases for this data across the breadth of social integration measures.
A handy one-page matrix of all of the evaluated sources is also available to download separately.",social integration,high
http://data.europa.eu/88u/dataset/libraries17,0.6443834900856018,0.41570228338241577,0.6443834900856018,0.41570228338241577,1,Libraries, Bristol City Council library locations and contact details,Library and information services,high
http://data.europa.eu/88u/dataset/calverton-neighbourhood-plan-village-centre,0.6548806428909302,0.2371322214603424,0.6548806428909302,0.2371322214603424,1,Calverton Neighbourhood Plan - Village Centre,"<span style='font-family:&quot;Avenir Next W01&quot;, &quot;Avenir Next W00&quot;, &quot;Avenir Next&quot;, Avenir, &quot;Helvetica Neue&quot;, sans-serif; font-size:16px;'>Calverton Neighbourhood Plan - Village Centre</span>",neighbourhood plan,high
http://data.europa.eu/88u/dataset/2021-census-ready-made-table-rm030,0.7935287952423096,0.2760777473449707,0.6032083630561829,0.2098630964756012,2,2021 Census Ready Made Table RM030,"Ethnic group by provision of unpaid care by general health
Table Population: All usual residents aged 5+",2021 census; ready made table,high
http://data.europa.eu/88u/dataset/2021-census-ready-made-table-rm078,0.8271616697311401,0.36496424674987793,0.6287747621536255,0.27743101119995117,2,2021 Census Ready Made Table RM078,"Method used to travel to work by industry
Table Population: All usual residents aged 16+ in employment the week before the census",2021 census; ready made table,high
http://data.europa.eu/88u/dataset/tourist-information2,0.750208854675293,0.3411761522293091,0.750208854675293,0.3411761522293091,1,Tourist information, Location of the tourist information office(s) in Bristol,Tourism,high
http://data.europa.eu/88u/dataset/habitat-location-and-composition,0.7711046934127808,0.6199323534965515,0.6179677248001099,0.49681735038757324,3,Habitat Location and Composition,"Dataset showing Habitat species, distribution and location across the borough",Habitats and biotopes; Species distribution; habitat,high
http://data.europa.eu/88u/dataset/2021-census-ready-made-table-rm022,0.8061314821243286,0.2605218291282654,0.6127884387969971,0.19803810119628906,2,2021 Census Ready Made Table RM022,"Economic activity status by provision of unpaid care by general health
Table Population: All usual residents aged 16+",2021 census; ready made table,high
http://data.europa.eu/88u/dataset/2021-census-ready-made-table-rm029,0.8375945091247559,0.4438416361808777,0.6367053985595703,0.33739036321640015,2,2021 Census Ready Made Table RM029,"Ethnic group by occupancy rating (rooms)
Table Population: All Usual residents in households",2021 census; ready made table,high
http://data.europa.eu/88u/dataset/sustainable-transport-strategy-cars2,0.7906577587127686,0.5494764447212219,0.6143128275871277,0.42692360281944275,3,Sustainable Transport Strategy - Cars,"This forms part of the Sustainable Transport Strategy Resource Library, please click here for more information.
Car driving in London is one of the biggest contributors to poor air quality in London, there has been a great encouragement for commuters and travellers in London to reduce the car usage and switching to cycling, walking or public transport. This also has a major impact on journey times.",Cars; Sustainable Transport Strategy; Transport,high
http://data.europa.eu/88u/dataset/planning-permissions,0.8916984796524048,0.5306001901626587,0.8202055096626282,0.4880586862564087,2,Planning Permissions,<p>All planning applications that are determined.</p><p>All planning applications determined within 5 years from the date last modified.</p>,Planning; Planning Permission,high
http://data.europa.eu/88u/dataset/ward-profile-jan-2020-regents-park-ward,0.7038519382476807,0.5469344258308411,0.7038519382476807,0.5469344258308411,1,Ward Profile Jan-2020 Regent's Park ward,"This updated profile incorporate the most recent ward data available from population forecasts, from surveys and from administrative data to give the best current view of the local population. They include current population and forecast changes; household income levels and deprivation; local workplace employment levels; levels of welfare claimants and unemployment benefit recipients; life expectancy and crime.",ward profile,high
http://data.europa.eu/88u/dataset/halton-area-of-undeveloped-coast-unitary-development-plan,0.7070389986038208,0.6882495880126953,0.6626769304275513,0.6450663805007935,2,Halton Area of Undeveloped Coast (Unitary Development Plan),Dataset showing Area of Undeveloped Coast within the Councils administrative area published as part of the Halton Unitary Development Plan 2005. Areas recorded as polygons,Area of undeveloped coast; Coastal Areas,high
http://data.europa.eu/88u/dataset/premises-licences2,0.7017025351524353,0.48070305585861206,0.7017025351524353,0.48070305585861206,1,Premises licences,Current licensed premises in the London Borough of Hounslow.,Licence,high
http://data.europa.eu/88u/dataset/ward-profile-jan-2020-highgate-ward,0.7807846665382385,0.5469344258308411,0.7807846665382385,0.5469344258308411,1,Ward Profile Jan-2020 Highgate ward,"This updated profile incorporate the most recent ward data available from population forecasts, from surveys and from administrative data to give the best current view of the local population. They include current population and forecast changes; household income levels and deprivation; local workplace employment levels; levels of welfare claimants and unemployment benefit recipients; life expectancy and crime.",ward profile,high
http://data.europa.eu/88u/dataset/2021-census-ready-made-table-rm202,0.8137481212615967,0.49316683411598206,0.618578314781189,0.3748853802680969,2,2021 Census Ready Made Table RM202,"Household size by number of rooms
Table Population: All households",2021 census; ready made table,high
http://data.europa.eu/88u/dataset/2021-census-ready-made-table-rm026,0.817405104637146,0.43199145793914795,0.6213582158088684,0.32838237285614014,2,2021 Census Ready Made Table RM026,"Ethnic group by accommodation type
Table Population: All Usual residents in households",2021 census; ready made table,high
http://data.europa.eu/88u/dataset/york-ward-profiles-2022-23,0.7411791086196899,0.5839060544967651,0.7411791086196899,0.5839060544967651,1,York Ward Profiles 2022-23,"These are the York ward profiles containing information up to March 2023 on the 21 electoral wards using the __post May 2015 election boundaries.__
",ward profiles,high
http://data.europa.eu/88u/dataset/lp-minerals-area-of-search-for-sand-and-gravel,0.8227496147155762,1.0,0.8227496147155762,1.0,1,LP Minerals Area of Search for Sand and Gravel,Area of Search for Sand and Gravel,Area of Search for Sand and Gravel,high
http://data.europa.eu/88u/dataset/flood-risk-areas-cycle-224,0.7648908495903015,0.6608307361602783,0.7386249899864197,0.6381382942199707,2,Flood Risk Areas (Cycle 2),The Cycle 2 Flood Risk Areas are those communities in Wales where most significant flood risks exist across all sources of flood risk. They were identified for the purpose of the second Preliminary Flood Risk Assessment under the Flood Risk Regulations 2009. The threshold for communities at significant risk of flooding was set by Welsh Government with input from Natural Resources Wales and the Welsh Local Government Association (representing Lead Local Flood Authorities).  The Cycle 2 Flood Risk Areas were identified in December 2018 and replace the Cycle 1 Flood Risk Areas.,flood risk; flood risk management,high
http://data.europa.eu/88u/dataset/industries-worked-in-plymouth,0.6572346687316895,0.2168002426624298,0.6572346687316895,0.2168002426624298,1,Industries,Data showing the industries Plymouth residents worked in.,Economy,high
http://data.europa.eu/88u/dataset/cctv-cameras5,0.9152923822402954,0.591421365737915,0.8248785138130188,0.5329998135566711,3,CCTV Cameras,<p>This provides details of CCTV cameras sited within Leicester City and other areas.</p>,CCTV; CCTV camera; Camera,high
http://data.europa.eu/88u/dataset/york-ward-profiles-2023-24-q3,0.7096191644668579,0.5799201726913452,0.7096191644668579,0.5799201726913452,1,York Ward Profiles 2023-24 Q3,"These are the York ward profiles containing information up to December 2023 on the 21 electoral wards using the __post May 2015 election boundaries.__
",ward profiles,high
http://data.europa.eu/88u/dataset/york-ward-profiles-2024-25-q1,0.7314765453338623,0.5908911824226379,0.7314765453338623,0.5908911824226379,1,York Ward Profiles 2024-25 Q1,"These are the York ward profiles containing information up to June 2024 on the 21 electoral wards using the __post May 2015 election boundaries.__
",ward profiles,high
http://data.europa.eu/88u/dataset/2021-census-ready-made-table-rm057,0.8180708289146423,0.47584444284439087,0.6218643188476562,0.36171770095825195,2,2021 Census Ready Made Table RM057,"Household composition by age
Table Population: All Usual residents in households",2021 census; ready made table,high
http://data.europa.eu/88u/dataset/2021-census-ready-made-table-rm049,0.7977278232574463,0.3478519320487976,0.6064003705978394,0.2644229531288147,2,2021 Census Ready Made Table RM049,"Highest level of qualification by ethnic group
Table Population: All usual residents aged 16+",2021 census; ready made table,high
http://data.europa.eu/88u/dataset/2021-census-ready-made-table-rm203,0.8063712120056152,0.2992589473724365,0.6129707098007202,0.22748452425003052,2,2021 Census Ready Made Table RM203,"Legal partnership status by sex by age - Communal establishment residents
Table Population: All usual residents aged16+ in Communal Establishments",2021 census; ready made table,high
http://data.europa.eu/88u/dataset/ward-profile-jan-2020-haverstock-ward,0.7919629812240601,0.5469344258308411,0.7919629812240601,0.5469344258308411,1,Ward Profile Jan-2020 Haverstock ward,"This updated profile incorporate the most recent ward data available from population forecasts, from surveys and from administrative data to give the best current view of the local population. They include current population and forecast changes; household income levels and deprivation; local workplace employment levels; levels of welfare claimants and unemployment benefit recipients; life expectancy and crime.",ward profile,high
http://data.europa.eu/88u/dataset/land-cover-map-2015-25m-raster-n-ireland,0.6129579544067383,0.5285784006118774,0.6129579544067383,0.5285784006118774,1,"Land Cover Map 2015 (25m raster, N. Ireland)","This dataset consists of the 25m raster version of the Land Cover Map 2015 (LCM2015) for Northern Ireland. This is the most detailed of the LCM2015 raster products both thematically and spatially, and it is used to derive the 1km products. The 25m raster product consists of two bands: Band 1 - raster representation of the majority (dominant) class per polygon for 21 target habitat classes; Band 2 - mean per polygon probability as reported by the Random Forest classifier (see supporting information). The 21 target classes are based on the Joint Nature Conservation Committee (JNCC) Broad Habitats, which encompass the entire range of UK habitats. This dataset is derived from the vector version of the Land Cover Map, which contains individual parcels of land cover and is the highest available spatial resolution. LCM2015 is a land cover map of the UK which was produced at the Centre for Ecology & Hydrology by classifying satellite images from 2014 and 2015 into 21 Broad Habitat-based classes. LCM2015 consists of a range of raster and vector products and users should familiarise themselves with the full range (see related records, the CEH web site and the LCM2015 Dataset documentation) to select the product most suited to their needs. LCM2015 was produced at the Centre for Ecology & Hydrology by classifying satellite images from 2014 and 2015 into 21 Broad Habitat-based classes. It is one of a series of land cover maps, produced by UKCEH since 1990. They include versions in 1990, 2000, 2007, 2015, 2017, 2018 and 2019. Full details about this dataset can be found at https://doi.org/10.5285/47f053a0-e34f-4534-a843-76f0a0998a2f",Land Cover,high
http://data.europa.eu/88u/dataset/electricity-consumption1,0.8125298023223877,0.2775834798812866,0.697404682636261,0.23825347423553467,3,Electricity consumption,"<p>Lower Super Output Area (LSOA) and Middle Super Output Area (MSOA) electricity data.</p>
<p>Source: <a href=""https://www.gov.uk/government/statistics/lower-and-middle-super-output-areas-electricity-consumption"">https://www.gov.uk/government/statistics/lower-and-middle-super-output-a...</a></p>
",electricity; energy; energy consumption,high
http://data.europa.eu/88u/dataset/york-ward-profiles-2021-22-q1,0.7539853453636169,0.5956294536590576,0.7539853453636169,0.5956294536590576,1,York Ward Profiles 2021-22 Q1,"These are the York ward profiles containing information up to June 2021 on the 21 electoral wards using the __post May 2015 election boundaries.__
",ward profiles,high
http://data.europa.eu/88u/dataset/libraries-summary1,0.7068004608154297,0.37612101435661316,0.6937496662139893,0.36917608976364136,2,Libraries Summary,"Summary totals for each Calderdale library, including issues, returns, borrowers , stock count and membership.
You can also see selected Libraries datasets in the Libraries dashboard.",libraries; library,high
http://data.europa.eu/88u/dataset/purple-moor-grass-rush-pasture-habitat-network,0.7898222804069519,0.5618274211883545,0.6149900555610657,0.4374634027481079,3,Purple Moor Grass and Rush Pasture Habitat Network,"In 2020, with generous funding from the National Lottery Heritage Fund, Ulster Wildlife, National Trust NI, RSPB NI and Woodland Trust NI came together to start building capacity to deliver Nature Recovery Networks in Northern Ireland. As part of the project, habitat networks maps were produced for all terrestrial and intertidal priority habitats, based on the Natural England (Edwards et al., 2020) methodology. The habitat networks comprise vector datasets that map areas of land into different network categories, based on how favourable the land is for restoration to, or creation of the priority habitat, and how effective actions in each area would be at enhancing connectivity of the priority habitat, based on proximity to existing habitat patches. A description of these network categories is provided in Table 1 in the methodology report, available at https://www.ulsterwildlife.org/sites/default/files/2022-10/EnvSys%20NI%20NRN%20mapping%20report.pdf.

The habitat network maps do not represent a fully comprehensive depiction of land cover, nor do they provide specific land management options and do not therefore replace the need for an on-site ecological surveys/appraisals. The maps are intended to function as a decision-support tool alongside other pieces of information, both from on-site surveys and data from other sources.",Habitat networks; Priority Habitats; purple moor-grass and rush pastures,high
http://data.europa.eu/88u/dataset/ward-boundaries9,0.8611149787902832,0.5703178644180298,0.6248048543930054,0.41380926966667175,6,Ward Boundaries,"Ward Boundaries, saved as a .TAB file in a compressed (zipped) format. These files contains the shape, extent and location of Ward Boundaries.
This data has been derived from Ordnance Survey base mapping. (C) Crown copyright [and database rights] (2025) OS (licence 100023069).",Democracy; Ward Boundaries; Wards; boundaries; boundary; ward,high
http://data.europa.eu/88u/dataset/social-housing-transparency-data1,0.8302327394485474,0.5982198119163513,0.6228580474853516,0.4487970769405365,3,Social housing transparency data,"Local Authorities are required to publish details of all value of social housing that is held in their Housing Revenue Account by the 2014 Transparency Act.
The data is published in accordance with legislation and guidance to illustrate the value of Housing Revenue Account dwellings by post code and valuation bandings. 
The data has been collated in accordance with guidance to prevent individual address being identified.
Publication of this information is not intended to suggest that tenancies should end to realise the market value of properties.
Additional Information
Click the link for more information: http://www.newcastle.gov.uk/your-council-and-democracy/open-data-and-access-information/open-data/data-sets/social-housing-transparency-data",Housing; Transparency Data; social housing,high
http://data.europa.eu/88u/dataset/2021-census-ready-made-table-rm176,0.8090862035751343,0.3298727869987488,0.6150345802307129,0.2507559061050415,2,2021 Census Ready Made Table RM176,"Gender identity by tenure
Table Population: All usual residents aged in households aged 16+",2021 census; ready made table,high
http://data.europa.eu/88u/dataset/strategic-sites,0.8779433965682983,0.6511956453323364,0.7707847356796265,0.5717129707336426,2,Strategic Sites,Strategic Sites as designated on the 2011 Proposals Map,Development Sites; Strategic Sites,high
http://data.europa.eu/88u/dataset/national-flood-hazard-maps-201920192021,0.7091672420501709,0.6781189441680908,0.6541603207588196,0.6255202293395996,3,National Flood Hazard Maps 2019,"The National Flood Hazard and Risk Maps are based on generalised modelling only. The maps have been published to comply with the Flood Risk Regulations (2009) and the EU Directive (2007/60/EC), and used to inform the creation of Flood Risk Management plans across Wales. These maps have no official status for Planning or Insurance purposes, therefore the public and professionals are advised to use the information contained within the Flood Risk Assessment Wales Map, the Development Advice Map/ Flood Map for Planning (as appropriate) for these purposes as these will be more up-to-date and incorporate improved modelling information.   The National Flood Hazard Maps have been created for 3 sources of flooding, namely,  1. Flooding from Rivers 2. Flooding from the Sea 3. Flooding from Surface Water & Small Watercourse  The Maps show flood depth, velocity (speed and direction), hazard and extent for High, Medium and Low risk scenarios without raised flood defences.  For Rivers and Surface Water & Small Watercourses, High risk is up to 1 in 30year; Medium risk is between 1 in 30 and 1 in 100year; and Low risk is between 1 in 100year and 1 in 1,000year Annual Exceedance Probability (AEP).  For the Sea, High risk is up to 1 in 30 year; Medium risk is between 1 in 30 to 1 in 200 year; and Low risk 1 in 200 year to 1 in 1000 year.  The Flooding from Surface Water & Small Watercourses dataset is a direct replacement for the earlier Updated Flood Map for Surface Water (uFMfSW), 2013 and is based on the modelling of Surface Water Catchments.  Details of the modelling work to produce the new National Flood Hazard Maps are available in the supporting Information sheets.",flood hazard; flood risk; floods (flooding),high
http://data.europa.eu/88u/dataset/indices-of-deprivation-2019-camden-summary,0.6942858099937439,0.44361165165901184,0.6369650959968567,0.4069867730140686,2,Indices of Deprivation 2019 Camden Summary,"Excel workbook (after unzipping) showing:
- the Summary district-level averages
- the full listing of Camden LSOAs (ward order) with all domains
- Comparative maps of Index of Multiple Deprivation (IMD) 2007, 2010, 2015 & 2019
- Ward summary",deprivation; index of multiple deprivation,high
http://data.europa.eu/88u/dataset/2021-census-ready-made-table-rm077,0.8366568088531494,0.2903440594673157,0.6359925866127014,0.22070777416229248,2,2021 Census Ready Made Table RM077,"Method used to travel to work by distance travelled to work
Table Population: All usual residents",2021 census; ready made table,high
http://data.europa.eu/88u/dataset/affordable-housing1,0.816900372505188,0.48155269026756287,0.650084376335144,0.3832167387008667,4,Affordable Housing,"Affordable houses built in Calderdale including number, locality, funding and provider. We have also published a document which explains the data and some of the acronyms and terms used.",affordable housing; funding; homes; housing,high
http://data.europa.eu/88u/dataset/general-licences-excluded-areas-where-specific-licences-are-required4,0.6290913820266724,0.4936540722846985,0.6290913820266724,0.4936540722846985,1,General licences - excluded areas where specific licences are required,"This dataset is a list of designations where General licences 001, 002 and 004 do not apply.  Those wishing to shoot birds listed on the general licences will require a bespoke species licence.  This is to ensure the special features of the designations are not damaged or disturbed as a result of shooting certain birds.",licences,high
http://data.europa.eu/88u/dataset/york-ward-profiles-2023-24-q4,0.7293243408203125,0.5902450084686279,0.7293243408203125,0.5902450084686279,1,York Ward Profiles 2023-24,"These are the York ward profiles containing information up to March 2024 on the 21 electoral wards using the __post May 2015 election boundaries.__
",ward profiles,high
http://data.europa.eu/88u/dataset/2021-census-ready-made-table-rm195,0.7992068529129028,0.32647496461868286,0.6075246334075928,0.24817302823066711,2,2021 Census Ready Made Table RM195,"Number of households in houses in multiple occupation (HMO) by type of occupancy rating (bedrooms)
Table Population: All HMO households",2021 census; ready made table,high
http://data.europa.eu/88u/dataset/2021-census-ready-made-table-rm041,0.8093565702438354,0.38348495960235596,0.6152400970458984,0.2915096879005432,2,2021 Census Ready Made Table RM041,"Gender identity by occupation
Table Population: All usual residents aged 16+ in employment the week before the census",2021 census; ready made table,high
http://data.europa.eu/88u/dataset/national-population-database5,0.6145559549331665,0.29423263669013977,0.6145559549331665,0.29423263669013977,1,National Population Database,"The National Population Database (NPD) is a point-based Geographical Information System (GIS) dataset that combines locational information from providers like the Ordnance Survey with population information about those locations, mainly sourced from Government statistics.  The points (and sometimes polygons) represent individual buildings, so the NPD allows detailed local analysis for anywhere in Great Britain.

The Health & Safety Laboratory (HSL) working with Staffordshire University originally created the NPD in 2004 to help its parent organisation, the Health and Safety Executive (HSE), assess the risks to society of major hazard sites e.g. oil refineries, chemical works and gas holders.  Of particular interest to HSE were 'sensitive' populations e.g. schools and hospitals where the people at those locations may be more vulnerable to harm and potentially harder to evacuate in an emergency.  The data is split into 5 themes: residential, sensitive populations, transport, workplaces and leisure.

More information about the NPD can be found here:

https://www.hsl.gov.uk/what-we-do/better-decisions/geoanalytics/national-population-database

The NPD was created using various datasets available within Government as part of the Public Sector Mapping Agreement (PSMA) and contains other intellectual property so is only available under license and for a fee.  Please contact the HSL GIS Team if you would like to discuss gaining access to the sample or full dataset.",Population distribution demography,high
http://data.europa.eu/88u/dataset/land-cover-map-2015-vector-gb,0.6505717635154724,0.4352538585662842,0.6505717635154724,0.4352538585662842,1,"Land Cover Map 2015 (vector, GB)","This dataset consists of the vector version of the Land Cover Map 2015 (LCM2015) for Great Britain. The vector data set is the core LCM data set from which the full range of other LCM2015 products is derived. It provides a number of attributes including land cover at the target class level (given as an integer value and also as text), the number of pixels within the polygon classified as each land cover type and a probability value provided by the classification algorithm (for full details see the LCM2015 Dataset Documentation). The 21 target classes are based on the Joint Nature Conservation Committee (JNCC) Broad Habitats, which encompass the entire range of UK habitats. LCM2015 is a land cover map of the UK which was produced at the Centre for Ecology & Hydrology by classifying satellite images from 2014 and 2015 into 21 Broad Habitat-based classes. LCM2015 consists of a range of raster and vector products and users should familiarise themselves with the full range (see related records, the CEH web site and the LCM2015 Dataset documentation) to select the product most suited to their needs. LCM2015 was produced at the Centre for Ecology & Hydrology by classifying satellite images from 2014 and 2015 into 21 Broad Habitat-based classes. It is one of a series of land cover maps, produced by UKCEH since 1990. They include versions in 1990, 2000, 2007, 2015, 2017, 2018 and 2019. Full details about this dataset can be found at https://doi.org/10.5285/6c6c9203-7333-4d96-88ab-78925e7a4e73",Land Cover,high
http://data.europa.eu/88u/dataset/parking-enforcement,0.8176395297050476,0.3539477586746216,0.8176395297050476,0.3539477586746216,1,Parking Enforcement,"<p>This page contains datasets about Cambridgeshire County Council's parking enforcement.<br />
The datasets contain figures showing the number of Penalty Charge Notices issued for on-street and off-street parking combined broken down by month and the income received through Penalty Charge Notices issued for on-street and off-street parking combined also broken down by month.<br />
Further breakdowns of Penalty Charge Notices issued including the number of Notices issued by convention and the number of Notices issued by street are available on the council's website in the Annual Parking Report here: <a href=""https://www.cambridgeshire.gov.uk/residents/travel-roads-and-parking/parking-permits-and-fines/parking/on-off-street-parking/"">https://www.cambridgeshire.gov.uk/residents/travel-roads-and-parking/par...</a><br />
Information about Penalty Charge Notices including the enforcement manual, code of practice and appeal manual is available here: <a href=""https://www.cambridgeshire.gov.uk/residents/travel-roads-and-parking/parking-permits-and-fines/parking-tickets-and-appeals/"">https://www.cambridgeshire.gov.uk/residents/travel-roads-and-parking/par...</a><br />
Information about the expenditure of income raised through parking Penalty Charge Notices is reported in the Annual Parking Report available on the council's website here: <a href=""https://www.cambridgeshire.gov.uk/residents/travel-roads-and-parking/parking-permits-and-fines/parking/on-off-street-parking/"">https://www.cambridgeshire.gov.uk/residents/travel-roads-and-parking/par...</a></p>
",parking,high
http://data.europa.eu/88u/dataset/mixed-commercial-development,0.7812502384185791,0.43235307931900024,0.6031748056411743,0.33380401134490967,3,Mixed Commercial Development,Carlisle City Council Mixed Commercial Development.  Upon accessing this Licensed Data you will be deemed to have accepted the terms of the Public Sector End User Licence - INSPIRE,Land use; Mixed Commercial Development; Various Development Zones,high
http://data.europa.eu/88u/dataset/register-of-private-water-supplies-in-northern-ireland-30-03-2021,0.7681677341461182,0.6990320682525635,0.6417593955993652,0.5840005874633789,5,Register of Private Water Supplies in Northern Ireland (30/03/2021),"<DIV STYLE=""text-align:Left;""><DIV><DIV><P><SPAN STYLE=""font-weight:bold;"">About this layer: </SPAN></P><P><SPAN /><SPAN>A private water supply is any supply of water intended for human consumption and not provided by the water undertaker appointed under Article 13 of The Water and Sewerage Services (Northern Ireland) Order 2006, i.e. NI Water Ltd. The Private Water Supplies Regulations (Northern Ireland) 2017 require the Drinking Water Inspectorate (DWI) to hold a register of private water supplies which includes supplies to public or commercial premises or two or more private dwellings where the water is used for drinking, cooking, food preparation or other domestic purposes. This spatial dataset (polygons) illustrates a layer of 100m by 100m squares, each of which is randomly described around a registered private water supply in Northern Ireland. Both private water supplies currently monitored, or historically monitored, by the Drinking Water Inspectorate at the time of creation of the dataset are identifiable. This dataset was created on 3</SPAN><SPAN>0th March 2021</SPAN><SPAN> and superseded </SPAN><SPAN>29th June 2021.</SPAN></P><P><SPAN STYLE=""font-weight:bold;"">Visualisation: </SPAN><SPAN>This layer can be used for visualisation online in web maps.</SPAN></P><P><SPAN STYLE=""font-weight:bold;"">Analysis: </SPAN><SPAN>This layer can be used in dashboards.</SPAN></P><P><SPAN STYLE=""font-weight:bold;"">Download: </SPAN><SPAN>This data is downloadable.</SPAN></P></DIV></DIV></DIV>",drinking water; private water supplies; private water supplies in northern ireland; private water supply; registered private water suppplies,high
http://data.europa.eu/88u/dataset/blue-badge-analysis,0.7912386655807495,0.5990605354309082,0.7912386655807495,0.5990605354309082,1,Blue Badge - Analysis,<p>Number of Blue Badges issued annually by Type (New or renewal application) and Eligibility criteria.</p><p>The data will be updated quarterly.</p>,Blue Badge,high
http://data.europa.eu/88u/dataset/broadband-full-fibre-availability,0.7562806010246277,0.5131518840789795,0.6153826713562012,0.4175497889518738,2,Broadband/Full Fibre Availability,<p>Percentage of premises with Full Fibre Broadband coverage.</p><p>Percentage of premises with broadband speed under 30Mbit/s.</p><p>Number of all premises.</p><p>Number of residential premises.</p>,Broadband; Full fibre,high
http://data.europa.eu/88u/dataset/towns-and-cities,1.0,0.09647780656814575,1.0,0.09647780656814575,1,Towns and Cities,{{description}},Towns and Cities,high
http://data.europa.eu/88u/dataset/york-ward-profiles-2024-25-q2,0.724220871925354,0.5851390361785889,0.724220871925354,0.5851390361785889,1,York Ward Profiles 2024-25 Q2,"These are the York ward profiles containing information up to September 2024 on the 21 electoral wards using the __post May 2015 election boundaries.__
",ward profiles,high
http://data.europa.eu/88u/dataset/york-ward-profiles-2019-20-q2,0.7787743210792542,0.5936428308486938,0.7787743210792542,0.5936428308486938,1,York Ward Profiles 2019-20,"These are the York ward profiles containing information up to March 2020 on the 21 electoral wards using the __post May 2015 election boundaries.__
",ward profiles,high
http://data.europa.eu/88u/dataset/fife-local-nature-reserves-wfs,0.611801266670227,0.5735082626342773,0.611801266670227,0.5735082626342773,1,Fife Local Nature Reserves (WFS),WFS Service provides download capabilities for details of the location and description of Local Nature Reserves in Fife,nature reserve,high
http://data.europa.eu/88u/dataset/halton-polling-districts,0.8192282319068909,0.7768086194992065,0.8192282319068909,0.7768086194992065,1,Halton Polling Districts,Dataset showing Polling Districts within the Councils administrative area. Areas recorded as polygons,Polling Districts,high
http://data.europa.eu/88u/dataset/census-2021-llr-veterans,0.7636671662330627,0.2996425926685333,0.6065171360969543,0.23798111081123352,2,Census 2021 - LLR veterans,"<p>The census is undertaken by the Office for National Statistics every 10 years and gives us a picture of all the people and households in England and Wales. The most recent census took place in March of 2021.</p><p><br/></p><p>The census asks every household questions about the people who live there and the type of home they live in. In doing so, it helps to build a detailed snapshot of society. Information from the census helps the government and local authorities to plan and fund local services, such as education, doctors' surgeries and roads.</p><p><br/></p><p>Key census statistics for Leicester are published on the open data platform to make information accessible to local services, voluntary and community groups, and residents.</p><p><br/></p><p>Further information about the census and full datasets can be found on the ONS website - https://www.ons.gov.uk/census/aboutcensus/censusproducts</p><div><br/></div>",Census; Veterans,high
http://data.europa.eu/88u/dataset/cambridgeshire-county-council-parking-information1,0.8326652646064758,0.7811203002929688,0.6225290894508362,0.5839923620223999,2,Cambridgeshire County Council Parking Information,"<p>This page contains information about Cambridgeshire County Council's Parking Accounts, and also Parking Spaces.</p>
",Cambridgeshire County Council; parking,high
http://data.europa.eu/88u/dataset/halton-town-centre-classifications,0.7373194694519043,0.8070490956306458,0.7373194694519043,0.8070490956306458,1,Halton Town Centre Classifications,Dataset showing Town Centre Classifications within the Councils administrative area. Areas recorded as polygons,Town Centre Classification,high
http://data.europa.eu/88u/dataset/york-ward-profiles-2025-26-q1,0.7256066799163818,0.5810235738754272,0.7256066799163818,0.5810235738754272,1,York Ward Profiles 2025-26 Q1,"These are the York ward profiles containing information up to June 2025 on the 21 electoral wards using the __post May 2015 election boundaries.__
",ward profiles,high
http://data.europa.eu/88u/dataset/2021-census-ready-made-table-rm046,0.826705276966095,0.35443115234375,0.6284278631210327,0.2694242000579834,2,2021 Census Ready Made Table RM046,"General health by tenure by age
Table Population: All Usual residents in households",2021 census; ready made table,high
http://data.europa.eu/88u/dataset/museums4,0.7937992811203003,0.4076651930809021,0.6057242155075073,0.31107696890830994,5,Museums,"Museums and art galleries located in Nottingham City. The data includes facilities operated by Nottingham City Council, as well as those operated by other organisations.

Previously data was collected for Nottinghamshire as well as Nottingham City.",arts; exhibition; gallery; history; museum,high
http://data.europa.eu/88u/dataset/2021-census-ready-made-table-rm063,0.8018860816955566,0.4387744069099426,0.6095613241195679,0.3335384726524353,2,2021 Census Ready Made Table RM063,"Industry by economic activity status
Table Population: All usual residents aged 16+ in employment the week before the census",2021 census; ready made table,high
http://data.europa.eu/88u/dataset/2021-census-ready-made-table-rm098,0.806883692741394,0.38945743441581726,0.6133602261543274,0.2960497736930847,2,2021 Census Ready Made Table RM098,"Occupancy rating (bedrooms) by household composition
Table Population: All households",2021 census; ready made table,high
http://data.europa.eu/88u/dataset/car-parks46,0.785391628742218,0.4441830515861511,0.6493782997131348,0.36725983023643494,4,Car Parks,"Car parks in the City of Nottingham. This dataset includes information about facilities at each car park, fees, opening hours and contact details.",car; car park; parking; road,high
http://data.europa.eu/88u/dataset/parking-permits1,0.8779014348983765,0.34630176424980164,0.6580455303192139,0.2595762014389038,4,Parking Permits,"Information on parking permit schemes in Calderdale including streets with parking schemes, number of resident parking permits, total revenue from residential parking permits and volumes of parking permits issued, split by permit type.",FOI; Parking; parking permits; permits,high
http://data.europa.eu/88u/dataset/york-ward-profiles-2020-21-q4,0.7713302373886108,0.5936583280563354,0.7713302373886108,0.5936583280563354,1,York Ward Profiles 2020-21,"These are the York ward profiles containing information up to March 2021 on the 21 electoral wards using the __post May 2015 election boundaries.__
",ward profiles,high
http://data.europa.eu/88u/dataset/2021-census-ready-made-table-rm047,0.8155412673950195,0.3554092347621918,0.6199413537979126,0.27016764879226685,2,2021 Census Ready Made Table RM047,"Highest level of qualification by country of birth
Table Population: All usual residents aged 16+",2021 census; ready made table,high
http://data.europa.eu/88u/dataset/acid-grassland-habitat-network,0.8200021982192993,0.5307601094245911,0.6412294507026672,0.41504648327827454,3,Acid Grassland Habitat Network,"In 2020, with generous funding from the National Lottery Heritage Fund, Ulster Wildlife, National Trust NI, RSPB NI and Woodland Trust NI came together to start building capacity to deliver Nature Recovery Networks in Northern Ireland. As part of the project, habitat networks maps were produced for all terrestrial and intertidal priority habitats, based on the Natural England (Edwards et al., 2020) methodology. The habitat networks comprise vector datasets that map areas of land into different network categories, based on how favourable the land is for restoration to, or creation of the priority habitat, and how effective actions in each area would be at enhancing connectivity of the priority habitat, based on proximity to existing habitat patches. A description of these network categories is provided in Table 1 in the methodology report, available at https://www.ulsterwildlife.org/sites/default/files/2022-10/EnvSys%20NI%20NRN%20mapping%20report.pdf.

The habitat network maps do not represent a fully comprehensive depiction of land cover, nor do they provide specific land management options and do not therefore replace the need for an on-site ecological surveys/appraisals. The maps are intended to function as a decision-support tool alongside other pieces of information, both from on-site surveys and data from other sources.",Acid grassland; Habitat networks; Priority Habitats,high
http://data.europa.eu/88u/dataset/fraud5,0.9021092653274536,0.6269847750663757,0.7106565237045288,0.493921160697937,4,Fraud,"Information about Counter Fraud work including use of powers, employees and fraud cases. This information is published as part of the Local Government Transparency Code.",counter fraud; fraud; fraud cases; transparency,high
http://data.europa.eu/88u/dataset/york-ward-profiles-2022-23-q2,0.7330765128135681,0.5839071273803711,0.7330765128135681,0.5839071273803711,1,York Ward Profiles 2022-23 Q2,"These are the York ward profiles containing information up to September 2022 on the 21 electoral wards using the __post May 2015 election boundaries.__
",ward profiles,high
http://data.europa.eu/88u/dataset/polling-districts13,0.9274482727050781,0.590014636516571,0.7364381551742554,0.4684997498989105,5,Polling Districts,"Under Section 18A of the Representation of the People Act 1983 (as amended) the Council is required to divide each parliamentary constituency in the area into polling districts, to designate polling places for those polling districts",Administrative units; Polling Districts; Polling areas; Polling boundaries; Voting Districts,high
http://data.europa.eu/88u/dataset/blue-badges-issued,0.8285273313522339,0.5247539281845093,0.8285273313522339,0.5247539281845093,1,Blue Badges issued,<p>Number of Blue Badges issues in Leicester City annually.</p><p>The data will be updated quarterly.</p>,Blue Badge,high
http://data.europa.eu/88u/dataset/tree-trails-humberstone-park,0.7239843606948853,0.5438594222068787,0.7239843606948853,0.5438594222068787,1,Tree Trails - Humberstone Park,"<p style=""font-family: sans-serif;""><span style='color: rgb(34, 34, 34); font-family: ""Noto Sans"", Arial, sans-serif; font-size: 21.12px;'>T</span><span style='color: rgb(34, 34, 34); font-family: ""Noto Sans"", Arial, sans-serif; font-size: 21.12px;'>he Humberstone Park tree trail allows visitors to have a leisurely walk and find out interesting facts about many of the magnificent trees that reside within the park.</span></p><p style=""font-family: sans-serif;""><span style='color: rgb(34, 34, 34); font-family: ""Noto Sans"", Arial, sans-serif; font-size: 21.12px;'>The 22 trees are all marked with small round numbered metal tags.</span></p><p style=""font-family: sans-serif;""><span style='color: rgb(34, 34, 34); font-family: ""Noto Sans"", Arial, sans-serif; font-size: 21.12px;'>This dataset contains a table of tree details, images of the trees and maps. For users who wish to print out a map of the locations of the trees it is suggested to use the ""Categorised Map"" tab within the dataset for this purpose, accompanied by the table which can be downloaded via the ""Export"" tab.</span></p>",Tree trails,high
http://data.europa.eu/88u/dataset/2021-census-ready-made-table-rm069,0.810072660446167,0.35042041540145874,0.6157843470573425,0.2663753926753998,2,2021 Census Ready Made Table RM069,"Disability by general health by age
Table Population: All Usual residents in households",2021 census; ready made table,high
http://data.europa.eu/88u/dataset/schools5,0.8114442229270935,0.306397020816803,0.6833327412605286,0.25802284479141235,5,Schools,"School locations in Nottinghamshire. This data only includes publicly accessible schools and academies, and does not contain independent (private) schools.",education; educational institution; primary education; school; secondary education,high
http://data.europa.eu/88u/dataset/waste-rates,0.7088303565979004,0.4953744411468506,0.6399587392807007,0.44724273681640625,2,Waste Rates,"<p><b>Waste rates for Leicester City</b></p><p>Total % diversion is the amount that is diverted from landfill by recycling, reuse, composting and refuse derived fuel for energy recovery.</p><p></p>",Recycling; Waste,high
http://data.europa.eu/88u/dataset/wind-turbines-fife,0.7001758813858032,0.5375465154647827,0.6140539646148682,0.4714280366897583,2,Wind Turbines - Fife,"A spatial dataset of all wind turbine applications over 15m (non-domestic) in height excluding scoping/screening/pre-app stages. Information recorded includes Planning application reference, Number of turbines, Height of turbines, Eastings and Northings.",turbines; wind energy,high
http://data.europa.eu/88u/dataset/york-ward-profiles-2021-22-q2,0.749202311038971,0.5898555517196655,0.749202311038971,0.5898555517196655,1,York Ward Profiles 2021-22 Q2,"These are the York ward profiles containing information up to September 2021 on the 21 electoral wards using the __post May 2015 election boundaries.__
",ward profiles,high
http://data.europa.eu/88u/dataset/local-landscape-areas-fife,0.6896320581436157,0.7138233184814453,0.6663101315498352,0.6896834373474121,2,Local Landscape Areas - Fife,"Dataset provides details of areas where the scenery is highly valued locally and designated to ensure that the landscape is not damaged by inappropriate development. The designations raise awareness of the landscape qualities that make the particular areas distinctive, and have associated policies to safeguard their valued features. They aim to promote understanding of the distinctive character and special qualities of the landscape, ensuring that there is careful consideration of development and the impacts that may result on that landscape, while supporting positive change and opportunities for enjoyment, maintenance and enhancement of the distinctive character.",local landscape areas; special landscape areas,high
http://data.europa.eu/88u/dataset/planning-applications18,0.7958200573921204,0.5163682699203491,0.7958200573921204,0.5163682699203491,1,Planning Applications,Data shows planning application in the City of London,planning,high
http://data.europa.eu/88u/dataset/bus-lanes4,0.8204394578933716,0.8512883186340332,0.6092253923416138,0.6321325302124023,3,Bus Lanes,bus lanes in the City of London.,City of London; bus; lanes,high
http://data.europa.eu/88u/dataset/2021-census-ready-made-table-rm054,0.8040605783462524,0.26759475469589233,0.611214280128479,0.2034146934747696,2,2021 Census Ready Made Table RM054,"Highest level of qualification by religion
Table Population: All usual residents aged 16+",2021 census; ready made table,high
http://data.europa.eu/88u/dataset/lighting-faults,0.8002341985702515,0.5101363658905029,0.6848443150520325,0.4365772306919098,3,Street Lighting Faults,This dataset shows street light faults maintained by DfI Roads in Northern Ireland that were reported by members of the public.,lighting faults; lights; street lights,high
http://data.europa.eu/88u/dataset/calverton-neighbourhood-plan-local-green-space,0.6382206678390503,0.23850639164447784,0.6382206678390503,0.23850639164447784,1,Calverton Neighbourhood Plan - Local Green Space,"<span style='font-family:&quot;Avenir Next W01&quot;, &quot;Avenir Next W00&quot;, &quot;Avenir Next&quot;, Avenir, &quot;Helvetica Neue&quot;, sans-serif; font-size:16px;'>Calverton Neighbourhood Plan - Local Green Space</span>",neighbourhood plan,high
http://data.europa.eu/88u/dataset/blue-badges-held,0.8067561388015747,0.5325121879577637,0.8067561388015747,0.5325121879577637,1,Blue Badges held,<p>Number of Blue Badges on issue in Leicester City at the end of the calendar year.</p><p>The data will be updated quarterly.</p>,Blue Badge,high
http://data.europa.eu/88u/dataset/english-smoke-control-areas2,0.8518815636634827,0.49384456872940063,0.8518815636634827,0.49384456872940063,1,English Smoke Control Areas,This data set contains the location of Smoke Control Areas and exemptions in England. The data is indicative only.,Smoke Control Areas,high
http://data.europa.eu/88u/dataset/planning-applications5,0.8492732644081116,0.502901017665863,0.6887984275817871,0.407875120639801,2,Planning Applications,"This dataset contains planning applications in the London Borough of Camden dating back to 01/01/2010. Planning application extents are captured against the OS MasterMap product, due to licensing restrictions with this product, this dataset is represented as point geometry, located to the nearest postcode (derived from the OS Code-Point Open product). Attribution includes application number, development address, development description, registered date, decision date and case officer.",applications; planning,high
http://data.europa.eu/88u/dataset/halton-conservation-areas1,0.7226738929748535,0.7241971492767334,0.7226738929748535,0.7241971492767334,1,Halton Conservation Areas,Dataset showing Conservation Areas within the Councils administrative area. Areas recorded as polygons,Conservation Areas,high
http://data.europa.eu/88u/dataset/public-toilets14,0.9577731490135193,0.6258831024169922,0.9145159721374512,0.5976154804229736,2,Public Toilets,"The London Assembly Health and Public Services Committee has published a report into the availability of information about public toilets in London. This package provides supporting information from the investigation.
The tables below summarise the information collected by the Assembly for each London Borough.
View the blog about the new format from Victoria Borwick, Chair of the Health and Public Services Committee.",public-toilets; toilets,high
http://data.europa.eu/88u/dataset/llpg,0.7955405116081238,0.2973417043685913,0.6328846216201782,0.2365473508834839,2,LLPG,Carlisle City Council LLPG.  Upon accessing this Licensed Data you will be deemed to have accepted the terms of the Public Sector End User Licence - INSPIRE,Addresses; LLPG,high
http://data.europa.eu/88u/dataset/fraud4,0.8631768822669983,0.5234941840171814,0.6655998229980469,0.4036687910556793,3,Fraud,<p>Information about the Council's counter fraud work.</p><p>The information is published annually.</p>,Counter fraud; Fraud; Transparency,high
http://data.europa.eu/88u/dataset/causeway-coastal-route,0.9131110906600952,0.5284786224365234,0.7392289638519287,0.4278413951396942,3,Causeway Coastal Route,Driving route from Belfast to Derry~Londonderry known for its striking sea & cliff views & numerous lookout points.,causeway coast and glens; causeway coastal route; driving route,high
http://data.europa.eu/88u/dataset/2021-census-ready-made-table-rm095,0.807418167591095,0.4325072169303894,0.6137665510177612,0.32877445220947266,2,2021 Census Ready Made Table RM095,"Number of bedrooms by accommodation type by age of dependent children
Table Population: All dependent children",2021 census; ready made table,high
http://data.europa.eu/88u/dataset/polling-stations8,0.9030846357345581,0.5330260992050171,0.7163828015327454,0.4228294789791107,3,Polling Stations,"Under Section 18A of the Representation of the People Act 1983 (as amended) the Council is required to divide each parliamentary constituency in the area into polling districts, to designate polling places for those polling districts",Administrative units; Polling Places; Polling Stations,high
http://data.europa.eu/88u/dataset/london-assembly-committee-members1,0.8041917085647583,0.7301169633865356,0.6654760241508484,0.6041784882545471,3,London Assembly Committee Members,"List of which London Assembly Members sit on each of the Assembly committees

London Assembly committees",assembly-members; committees; london-assembly,high
http://data.europa.eu/88u/dataset/2021-census-ready-made-table-rm187,0.8112456798553467,0.3423539698123932,0.6166760325431824,0.26024365425109863,2,2021 Census Ready Made Table RM187,"Sexual orientation by occupancy rating (rooms)
Table Population: All usual residents aged in households aged 16+",2021 census; ready made table,high
http://data.europa.eu/88u/dataset/water-framework-directive-wfd-management-catchments-cycle-224,0.7622101902961731,0.6341982483863831,0.7622101902961731,0.6341982483863831,1,Water Framework Directive (WFD) Management Catchments Cycle 2,WFD Management Catchments Cycle 2 is a dataset collated as defined for the implementation of the Water Framework Directive (WFD). Management catchments are the unit of geography for which action plans are drafted in implementing the WFD. This process was conducted by using expert judgement in consultation. WFD Management Catchments have an action plan published that relates to all waterbodies that fall within its boundaries. These data apply to Cycle 2 of the Water Framework Directive,Water Framework Directive (WFD),high
http://data.europa.eu/88u/dataset/york-ward-profiles-2018-19-q3,0.743370771408081,0.592007040977478,0.743370771408081,0.592007040977478,1,York Ward Profiles 2018-19 Q3,These are the York ward profiles containing information up to December 2018 on the 21 electoral wards using the __post May 2015 election boundaries.__,ward profiles,high
http://data.europa.eu/88u/dataset/register-of-private-water-supplies-in-northern-ireland1,0.7811071872711182,0.7040616273880005,0.652569591999054,0.5882025361061096,5,Register of Private Water Supplies in Northern Ireland,"<DIV STYLE=""text-align:Left;""><DIV><DIV><P><SPAN>A private water supply is any supply of water intended for human consumption and not provided by the water undertaker appointed under Article 13 of The Water and Sewerage Services (Northern Ireland) Order 2006, i.e. NI Water Ltd. The Private Water Supplies Regulations (Northern Ireland) 2017 require the Drinking Water Inspectorate (DWI) to hold a register of private water supplies which includes supplies to public or commercial premises or two or more private dwellings where the water is used for drinking, cooking, food preparation or other domestic purposes. This spatial dataset (polygons) illustrates a layer of 100m by 100m squares, each of which is randomly described around a registered private water supply in Northern Ireland. Both private water supplies currently monitored, or historically monitored, by the Drinking Water Inspectorate are identifiable. This dataset is updated regularly by DWI, at least quarterly, most recent update: 30 March 2021.</SPAN></P></DIV></DIV></DIV>",drinking water; private water supplies; private water supplies in northern ireland; private water supply; registered private water suppplies,high
http://data.europa.eu/88u/dataset/childrens-centres2,0.7885103225708008,0.43231770396232605,0.6059653162956238,0.3322335481643677,3,Childrens Centres,"Dataset showing details of Childrens Centres in Lincolnshire.

This dataset is published by Lincolnshire County Council.",children; childrens centres; community,high
http://data.europa.eu/88u/dataset/calverton-neighbourhood-plan-plan-boundary,0.6534090042114258,0.2815437316894531,0.6534090042114258,0.2815437316894531,1,Calverton Neighbourhood Plan - Plan Boundary,"<span style='font-family:&quot;Avenir Next W01&quot;, &quot;Avenir Next W00&quot;, &quot;Avenir Next&quot;, Avenir, &quot;Helvetica Neue&quot;, sans-serif; font-size:16px;'>Calverton Neighbourhood Plan - Plan Boundary</span>",neighbourhood plan,high
http://data.europa.eu/88u/dataset/bowling-pavilions,0.9196313619613647,0.5427674055099487,0.6898655891418457,0.4071594774723053,4,Belfast Bowling Pavilions,This data set contains information about our bowling pavilions,Bowling Pavilions Belfast; belfast; bowling; pavilions,high
http://data.europa.eu/88u/dataset/cemeteries6,0.9414107799530029,0.4619746208190918,0.7638451457023621,0.37483859062194824,5,Belfast Cemeteries,"This data set contains information about our cemeteries, data items include; name, address, longitude, latitude",Belfast City Cemeteries; Belfast City Grave Sites; belfast; cemeteries; graves,high
http://data.europa.eu/88u/dataset/water-framework-directive-wfd-river-waterbody-catchments-cycle-113,0.736099123954773,0.4859330654144287,0.736099123954773,0.4859330654144287,1,Water Framework Directive (WFD) River Waterbody Catchments Cycle 1,"The 'WFD River Waterbody Catchments' are a polygon Shapefile dataset collated as defined for the implementation of the Water Framework Directive. Catchments are defined as an area of land from which all surface run-off flows through a series of streams, rivers and, possibly, lakes to a particular point in the water course such as a river confluence. Delineation of the river catchment boundaries primarily utilised the CEH Flow Grid hydrological model run with CEH Integrated Hydrological Digital Terrain Model (IHDTM) data so as to determine water drainage into river stretches. Upstream catchment size was calculated within an ESRI GIS environment using the extension Arc Hydro.",Water Framework Directive (WFD),high
http://data.europa.eu/88u/dataset/linby-neighbourhood-plan-views-vistas,0.657983124256134,0.2366001009941101,0.657983124256134,0.2366001009941101,1,Linby Neighbourhood Plan - Views Vistas,"<span style='font-family:&quot;Avenir Next W01&quot;, &quot;Avenir Next W00&quot;, &quot;Avenir Next&quot;, Avenir, &quot;Helvetica Neue&quot;, sans-serif; font-size:16px;'>Linby Neighbourhood Plan - Views Vistas</span>",neighbourhood plan,high
http://data.europa.eu/88u/dataset/census-2021-sexual-orientation,0.7988758683204651,0.2930402457714081,0.6257596015930176,0.22953848540782928,2,Census 2021 - Sexual orientation,"<p>The census is undertaken by the Office for National Statistics every 10 years and gives us a picture of all the people and households in England and Wales. The most recent census took place in March of 2021.</p><p>The census asks every household questions about the people who live there and the type of home they live in. In doing so, it helps to build a detailed snapshot of society. Information from the census helps the government and local authorities to plan and fund local services, such as education, doctors' surgeries and roads.<br/></p><p>Only residents age 16+ were asked this question. Residents age 15 or less are not included in the data.<br/></p><p>Key census statistics for Leicester are published on the open data platform to make information accessible to local services, voluntary and community groups, and residents.<br/></p><p>Further information about the census and full datasets can be found on the ONS website - <a href=""https://www.ons.gov.uk/census/aboutcensus/censusproducts"" target=""_blank"">https://www.ons.gov.uk/census/aboutcensus/censusproducts</a></p><p><b>Sexual Orientation</b></p><p>This dataset provides Census 2021 estimates that classify usual residents aged 16 years and over in England and Wales by sexual orientation. The estimates are as at Census Day, 21 March 2021. This dataset includes information for Leicester City and England overall.</p><p><b>Definition:</b> Classifies people according to the responses to the sexual orientation question. This question was voluntary and was only asked of people aged 16 years and over.<br/></p>",Census; Sexual Orientation,high
http://data.europa.eu/88u/dataset/children-looked-after,0.9052408337593079,0.47730255126953125,0.7279526591300964,0.38382458686828613,3,Children in Care,"The number of Children In Care at 31 March in the financial year, for Lincolnshire and by District.

This dataset shows the number of:

-	Children In Need
-	Children In Care by Home Address
-	Children In Care by Placement Address

The term 'Children In Care' includes all children accommodated by the local authority, i.e. those subject to a care order under section 31 of the Children Act 1989; and those looked after on a voluntary basis with the agreement of their parents under section 20 of that Act.

Numbers below 5 have been removed, and where needed one or more additional counts of 5 or greater have also been removed.  This means some records may be omitted and figures might not tally precisely.

The data is updated annually.  Data source: Lincolnshire County Council Children's Services.  For any enquiries about this publication contact  [childrenstargetedreporting@lincolnshire.gov.uk](mailto: childrenstargetedreporting@lincolnshire.gov.uk)
",children; children in care; social care,high
http://data.europa.eu/88u/dataset/heritage-partnerships-agreements,0.9019965529441833,0.5922925472259521,0.9019965529441833,0.5922925472259521,1,Heritage Partnerships Agreements,"A Listed Building Heritage Partnership Agreement (LBHPA) is an agreement between a local planning authority and any owner of a listed building, or group of buildings, which grants listed building consent for types of works (alterations or extensions) to the building(s) for the duration of the agreement.",Heritage Agreements,high
http://data.europa.eu/88u/dataset/2021-census-ready-made-table-rm096,0.8028323650360107,0.4515739679336548,0.6102806329727173,0.3432682156562805,2,2021 Census Ready Made Table RM096,"Number of bedrooms by tenure by age of dependent children
Table Population: All dependent children",2021 census; ready made table,high
http://data.europa.eu/88u/dataset/community-toilets1,0.7983014583587646,0.7395118474960327,0.7983014583587646,0.7395118474960327,1,Community Toilets,Locations of Public Toilets within the CoL,toilets public toilets,high
http://data.europa.eu/88u/dataset/planning-applications-20133,0.7769651412963867,0.5006863474845886,0.6034161448478699,0.3888491094112396,4,Planning Applications 2013,Planning application boundaries from years 2011 to 2020,land; plan; planning; planning applications,high
http://data.europa.eu/88u/dataset/parking-restrictions-and-spaces-in-barnet2,0.6540784239768982,0.4081973731517792,0.6540784239768982,0.4081973731517792,1,Parking Restrictions and spaces in Barnet,"Data on car parks in barnet, as well as parking spaces and parking restrictions.

All information is also displayed in map format on www.barnettraffweb.co.uk.",Parking,high
http://data.europa.eu/88u/dataset/belfast-trees,0.8159264326095581,0.6266859769821167,0.6396233439445496,0.4912734627723694,4,Belfast Trees,"This data set contains information about the trees located on Belfast streets. This includes the location, species, age and dimensions",Belfast City; Park Trees; Street Trees; Trees,high
http://data.europa.eu/88u/dataset/2021-census-community-handbook,0.7874197959899902,0.6359010338783264,0.7874197959899902,0.6359010338783264,1,2021 Census Community Handbook,"What the census is, why it matters to everyone and how we can work together to spread the word within our communities.",census guide,high
http://data.europa.eu/88u/dataset/river-habitat-network,0.8146204948425293,0.5378715991973877,0.6101560592651367,0.402869313955307,3,River Habitat Network,"In 2020, with generous funding from the National Lottery Heritage Fund, Ulster Wildlife, National Trust NI, RSPB NI and Woodland Trust NI came together to start building capacity to deliver Nature Recovery Networks in Northern Ireland. As part of the project, habitat networks maps were produced for all terrestrial and intertidal priority habitats, based on the Natural England (Edwards et al., 2020) methodology. The habitat networks comprise vector datasets that map areas of land into different network categories, based on how favourable the land is for restoration to, or creation of the priority habitat, and how effective actions in each area would be at enhancing connectivity of the priority habitat, based on proximity to existing habitat patches. A description of these network categories is provided in Table 1 in the methodology report, available at https://www.ulsterwildlife.org/sites/default/files/2022-10/EnvSys%20NI%20NRN%20mapping%20report.pdf.

The habitat network maps do not represent a fully comprehensive depiction of land cover, nor do they provide specific land management options and do not therefore replace the need for an on-site ecological surveys/appraisals. The maps are intended to function as a decision-support tool alongside other pieces of information, both from on-site surveys and data from other sources.",Habitat networks; Priority Habitats; River,high
http://data.europa.eu/88u/dataset/bus-routes-in-cheshire-east,0.8185613751411438,0.8433890342712402,0.6700427532196045,0.6903656721115112,2,Bus routes in Cheshire East,Bus Routes - Cheshire East Local Bus Network,Bus routes in Cheshire East; Transport networks,high
http://data.europa.eu/88u/dataset/assets-of-community-value5,0.7587634325027466,0.6680537462234497,0.6684489250183105,0.5885363221168518,3,Assets of Community Value,<p>Details of land and assets with Community Value.</p><p>This dataset is updated on an annual basis</p>,Land assets; Property assets; community asset,high
http://data.europa.eu/88u/dataset/ward-profile-jan-2020-kilburn-ward,0.80051189661026,0.5469344258308411,0.80051189661026,0.5469344258308411,1,Ward Profile Jan-2020 Kilburn ward,"This updated profile incorporate the most recent ward data available from population forecasts, from surveys and from administrative data to give the best current view of the local population. They include current population and forecast changes; household income levels and deprivation; local workplace employment levels; levels of welfare claimants and unemployment benefit recipients; life expectancy and crime.",ward profile,high
http://data.europa.eu/88u/dataset/fbc-land-ownership,0.61083984375,0.4551578760147095,0.61083984375,0.4551578760147095,1,FBC Land Ownership,This indicative polygon dataset shows land owned by Fareham Borough Council. Always refer to the current registered title plan at the Land Registry for confirmation of registered extent.,Property and land Assets,high
http://data.europa.eu/88u/dataset/2021-census-ready-made-table-rm027,0.809278130531311,0.4124490022659302,0.6151803731918335,0.31352704763412476,2,2021 Census Ready Made Table RM027,"Ethnic group by age of arrival in the UK
Table Population: All usual residents",2021 census; ready made table,high
http://data.europa.eu/88u/dataset/york-ward-profiles-2019-20-q1,0.7544921040534973,0.5958860516548157,0.7544921040534973,0.5958860516548157,1,York Ward Profiles 2019-20 Q1,"These are the York ward profiles containing information up to June 2019 on the 21 electoral wards using the __post May 2015 election boundaries.__
",ward profiles,high
http://data.europa.eu/88u/dataset/smoke-control-zones6,0.7956799864768982,0.43421751260757446,0.6331067085266113,0.34549829363822937,2,Smoke Control Zones,Carlisle City Council Smoke Control Zones. Upon accessing this Licensed Data you will be deemed to have accepted the terms of the Public Sector End User Licence - INSPIRE,Atmospheric conditions; Smoke Control Zones,high
http://data.europa.eu/88u/dataset/shelaa_2020,0.7259015440940857,0.05190768837928772,0.7259015440940857,0.05190768837928772,1,SHELAA_2020,<p>Strategic Housing &amp; Economic Land Availability Assessment 2020</p>,SHELAA,high
http://data.europa.eu/88u/dataset/lp-minerals-existing-quarry,0.8526902198791504,1.0000001192092896,0.8526902198791504,1.0000001192092896,1,LP Minerals Existing Quarry,Minerals Existing Quarry,Minerals Existing Quarry,high
http://data.europa.eu/88u/dataset/2021-census-ready-made-table-rm084,0.800661563873291,0.34531518816947937,0.6086305379867554,0.2624945640563965,2,2021 Census Ready Made Table RM084,"Multi-religion households by occupation of Household Reference Person
Table Population: All Household Reference Persons (HRPs) aged 16+ in employment in the week before the census",2021 census; ready made table,high
http://data.europa.eu/88u/dataset/ward-profile-jan-2020-west-hampstead-ward,0.7628008127212524,0.5469344258308411,0.7628008127212524,0.5469344258308411,1,Ward Profile Jan-2020 West Hampstead ward,"This updated profile incorporate the most recent ward data available from population forecasts, from surveys and from administrative data to give the best current view of the local population. They include current population and forecast changes; household income levels and deprivation; local workplace employment levels; levels of welfare claimants and unemployment benefit recipients; life expectancy and crime.",ward profile,high
http://data.europa.eu/88u/dataset/heritage-buildings,0.8769257068634033,0.6720713376998901,0.7489945888519287,0.5740256309509277,2,Heritage Buildings,Heritage Buildings that the City Corporation are responsible for maintaining.,Heritage; buildings,high
http://data.europa.eu/88u/dataset/2021-census-ready-made-table-rm068,0.8130216598510742,0.2642742395401001,0.6180261373519897,0.20089054107666016,2,2021 Census Ready Made Table RM068,"Disability by car or van availability
Table Population: All Usual residents in households",2021 census; ready made table,high
http://data.europa.eu/88u/dataset/lp-minerals-area-of-preferred-extension-for-sand-and-gravel-extraction,0.7200867533683777,0.8712693452835083,0.7200867533683777,0.8712693452835083,1,LP Minerals Area of Preferred Extension for Sand and Gravel Extraction,Area of Preferred Extension for Sand and Gravel Extraction,Area of Preferred Extension for Sand and Gravel Ex,high
http://data.europa.eu/88u/dataset/york-ward-profiles-2021-22,0.7655157446861267,0.5908275246620178,0.7655157446861267,0.5908275246620178,1,York Ward Profiles 2021-22,"These are the York ward profiles containing information up to March 2022 on the 21 electoral wards using the __post May 2015 election boundaries.__
",ward profiles,high
http://data.europa.eu/88u/dataset/wetland-habitat-networks-grouped,0.7786635756492615,0.6166476607322693,0.6212897896766663,0.492018461227417,3,Wetland Habitat Networks-Grouped,"In 2020, with generous funding from the National Lottery Heritage Fund, Ulster Wildlife, National Trust NI, RSPB NI and Woodland Trust NI came together to start building capacity to deliver Nature Recovery Networks in Northern Ireland. As part of the project, habitat networks maps were produced for all terrestrial and intertidal priority habitats, based on the Natural England (Edwards et al., 2020) methodology. The habitat networks comprise vector datasets that map areas of land into different network categories, based on how favourable the land is for restoration to, or creation of the priority habitat, and how effective actions in each area would be at enhancing connectivity of the priority habitat, based on proximity to existing habitat patches. A description of these network categories is provided in Table 1 in the methodology report, available at https://www.ulsterwildlife.org/sites/default/files/2022-10/EnvSys%20NI%20NRN%20mapping%20report.pdf.

This file groups together the individual wetland priority habitats, which are also available for individual download. The habitat network maps do not represent a fully comprehensive depiction of land cover, nor do they provide specific land management options and do not therefore replace the need for an on-site ecological surveys/appraisals. The maps are intended to function as a decision-support tool alongside other pieces of information, both from on-site surveys and data from other sources.",Habitat networks; Priority Habitats; Wetland,high
http://data.europa.eu/88u/dataset/ward-profile-jan-2020-gospel-oak-ward,0.7316935658454895,0.5469344258308411,0.7316935658454895,0.5469344258308411,1,Ward Profile Jan-2020 Gospel Oak ward,"This updated profile incorporate the most recent ward data available from population forecasts, from surveys and from administrative data to give the best current view of the local population. They include current population and forecast changes; household income levels and deprivation; local workplace employment levels; levels of welfare claimants and unemployment benefit recipients; life expectancy and crime.",ward profile,high
http://data.europa.eu/88u/dataset/priorityhabitats_woodland,0.8941308259963989,0.6649259328842163,0.7093841433525085,0.5275378227233887,3,Priority Habitats - Woodland,This Woodland Inventory incorporates evidence collected from a series of research contracts let to identify and survey areas of woodland of high nature conservation value. ,Priority Habitats; Woodland; Woodland Inventory,high
http://data.europa.eu/88u/dataset/processional-route,1.0,0.8027781248092651,1.0,0.8027781248092651,1,Processional Route,The Processional Route in the City of London,Processional Route,high
http://data.europa.eu/88u/dataset/2021-census-ready-made-table-rm075,0.807965874671936,0.3757709860801697,0.6141828298568726,0.28564584255218506,2,2021 Census Ready Made Table RM075,"Method used to travel to work by age
Table Population: All usual residents",2021 census; ready made table,high
http://data.europa.eu/88u/dataset/iwc-shlaa,0.7796343564987183,0.6071316003799438,0.7796343564987183,0.6071316003799438,1,IWC SHLAA,"The Strategic Housing Land Availabilty Assessment (SHLAA) is a piece of evidence which examines the extent to which possible sites, including those suggested by developers, land owners and other parties are suitable, available and achievable over a given timescale.",SHLAA,high
http://data.europa.eu/88u/dataset/2021-census-ready-made-table-rm094,0.7955483794212341,0.29966235160827637,0.6047435998916626,0.22779116034507751,2,2021 Census Ready Made Table RM094,"NS-SEC of Household Reference Person by household composition
Table Population: All Household Reference Persons (HRPs)",2021 census; ready made table,high
http://data.europa.eu/88u/dataset/polling-districts29,0.8242641687393188,0.6027565002441406,0.6451786160469055,0.47179728746414185,4,Polling Districts,"Boundary of polling districts, and location of polling stations in Wigan",Constituency; District; Elections; Polling,high
http://data.europa.eu/88u/dataset/york-ward-profiles-2024-25-q3,0.720243513584137,0.587140679359436,0.720243513584137,0.587140679359436,1,York Ward Profiles 2024-25 Q3,"These are the York ward profiles containing information up to December 2024 on the 21 electoral wards using the __post May 2015 election boundaries.__
",ward profiles,high
http://data.europa.eu/88u/dataset/national-flood-risk-maps-201920192021,0.7060065865516663,0.7079449892044067,0.6512447595596313,0.6530327796936035,3,National Flood Risk Maps 2019,"The National Flood Hazard and Risk Maps are based on generalised modelling only. The maps have been published to comply with the Flood Risk Regulations (2009) and the EU Directive (2007/60/EC), and used to inform the creation of Flood Risk Management plans across Wales. These maps have no official status for Planning or Insurance purposes, therefore the public and professionals are advised to use the information contained within the Flood Risk Assessment Wales Map and Development Advice Map/ Flood Map for Planning (as appropriate) for these purposes as these will be more up-to-date and incorporate improved modelling information.   The National Flood Risk Maps have been created for 3 sources of flooding, namely,  1. Flooding from Rivers 2. Flooding from the Sea 3. Flooding from Surface Water & Small Watercourse  The maps show Risk to a range of receptors, grouped in categories of People, Economic and Environment. Risk information is aggregated and displayed at a community scale.  For Rivers and Surface Water & Small Watercourses, High risk is up to 1 in 30year; Medium risk is between 1 in 30 and 1 in 100year; and Low risk is between 1 in 100year and 1 in 1,000year Annual Exceedance Probability (AEP).  For the Sea, High risk is up to 1 in 30 year; Medium risk is between 1 in 30 to 1 in 200 year; and Low risk 1 in 200 year to 1 in 1000 year.",flood hazard; flood risk; floods (flooding),high
http://data.europa.eu/88u/dataset/spend-agency-by-month,0.7689594626426697,0.5125250816345215,0.6317198276519775,0.4210524559020996,3,Spend - Agency by month,<p>Monthly spend on non-school agency staff.</p><p>This information is published monthly.</p>,Agency; Agency spend; Spend,high
http://data.europa.eu/88u/dataset/empty-properties,0.918502688407898,0.48511841893196106,0.8436470627784729,0.4455825686454773,2,Empty Properties,"Empty Properties in Calderdale, this data set includes:

  Total number of properties empty
  All properties empty > 6 months (codes 71,77,78,81)
  All properties empty  6 months (codes 71,77,81)",empty; empty properties,high
http://data.europa.eu/88u/dataset/living-arrangements-plymouth,0.6477618217468262,0.4780936539173126,0.6477618217468262,0.4780936539173126,1,Living arrangements,Data showing living arrangements of residents in Plymouth,Living and Housing,high
http://data.europa.eu/88u/dataset/working-with-natural-processes-wwnp-in-wales-riparian-woodland-potential2,0.7017704844474792,0.605499267578125,0.6495474576950073,0.5604404211044312,2,Working with Natural Processes (WWNP) in Wales: Riparian Woodland Potential,"Working with Natural Processes (WWNP) Riparian Woodland Potential is our best estimate of locations where tree planting may be possible on smaller floodplains close to flow pathways, and effective to attenuate flooding. The dataset is designed to support signposting of riparian areas not already wooded. The dataset is based upon a 50m buffer of available OS Open Data river networks. A set of open access constraints data was used to erase areas which contained existing woodland, watercourses, peat, roads, rail and urban locations.",riparian woodlands; woodland (woodlands),high
http://data.europa.eu/88u/dataset/2021-census-ready-made-table-rm067,0.8280509114265442,0.39883196353912354,0.6294507384300232,0.3031759262084961,2,2021 Census Ready Made Table RM067,"Living arrangements by sex by age
Table Population: All usual residents aged 16+",2021 census; ready made table,high
http://data.europa.eu/88u/dataset/york-ward-profiles-2024-25,0.7298358678817749,0.5811092257499695,0.7298358678817749,0.5811092257499695,1,York Ward Profiles 2024-25,"These are the York ward profiles containing information up to March 2025 on the 21 electoral wards using the __post May 2015 election boundaries.__
",ward profiles,high
http://data.europa.eu/88u/dataset/highland-council-tree-preservation-orders,0.7285556793212891,0.6473431587219238,0.7285556793212891,0.6473431587219238,1,Highland Council Tree Preservation Orders,"A TPO is made by the Local Authority, under Section 160 of the Town and Country Planning (Scotland) Act 1997, and within the procedures set out in the Town and Country Planning (Tree Preservation Order and Trees in Conservation Areas) (Scotland) Regulations 1975-1984. They are made to protect individual trees, groups of trees or woodlands which have particular amenity value, make a significant contribution to the landscape or townscape or because there may be a potential threat to the trees.","Tree Preservation Orders, TPO",high
http://data.europa.eu/88u/dataset/2021-census-ready-made-table-rm056,0.7962949275970459,0.3350619971752167,0.6053110361099243,0.25470054149627686,2,2021 Census Ready Made Table RM056,"Hours worked by sex by age
Table Population: All usual residents aged 16+ in employment the week before the census",2021 census; ready made table,high
http://data.europa.eu/88u/dataset/household-waste-and-recycling,0.754151463508606,0.37053439021110535,0.6076627969741821,0.2985606789588928,3,Household Waste and Recycling,"Household Waste Collected and Recycling rates. The dataset shows annual (financial year) figures for Local Authority Districts and Lincolnshire.

The data shows the quantity (kg) of Household Waste Collected per person. (This reflects former national indicator BVPI 84a).

The data also shows the overall Household Recycling and Composting Rate, as a percentage of household waste.  (This reflects former national indicator NI192).

Household Waste figures are used to calculate the Recycling rates. The county total figure for Household Waste may be higher than the sum of the districts, because Lincolnshire is a disposal authority not a collection authority.

The data is updated annually.  Source: DEFRA
",environment; recycling; waste,high
http://data.europa.eu/88u/dataset/priorityhabitats_peatland,0.9107089042663574,0.6003233194351196,0.7165193557739258,0.47231701016426086,3,Priority Habitats - Peatland,"The Northern Ireland Peatland map layer displays information from the NI Peatland Survey (1988) which mapped peatland vegetation at 1:20,000 scale for the whole of Northern Ireland derived from the interpretation of 1970s and 1980s aerial photographs.",NI Peatland Survey; Peatland; Priority Habitats,high
http://data.europa.eu/88u/dataset/mid-ulster-council-emergency-support-centres,0.8465800881385803,0.793650209903717,0.8465800881385803,0.793650209903717,1,Mid Ulster Council Emergency Support Centres,Mid Ulster Council Emergency Support Centres maintained by the Council and the Community,Emergency Support Centres,high
http://data.europa.eu/88u/dataset/public-conveniences4,0.8192582130432129,0.4305499494075775,0.6711839437484741,0.3527315855026245,2,Public Conveniences,Public Conveniences (both Dudley MBC and privately maintained facilities) located within the Dudley Borough.,Human health and safety; Public Conveniences,high
http://data.europa.eu/88u/dataset/woodland-grant-scheme3,0.9004316329956055,0.7041004300117493,0.8107771873474121,0.6339944005012512,2,Woodland Grant Scheme,The Woodland Grant Scheme (WGS) provided incentives for people to create and manage woodlands on sites all over Wales. The scheme was run in 3 phases with the last phase ending in 2006.   Woodland Grant Scheme 1 operated between April 1989 and April 1992.  Woodland Grant Scheme 2 operated between April 1992 and September 1994 Woodland Grant Scheme 3 operated between September 1994 and April 2006  Spatial data has been digitised against OS raster backdrops  by the former Forestry Commission wales.,woodland (woodlands); woodland grant scheme,high
http://data.europa.eu/88u/dataset/highland-region-land-classification-grid-square-data,0.7072871923446655,0.4029539227485657,0.7072871923446655,0.4029539227485657,1,Highland Region Land Classification Grid Square Data,"The data was collected for each of 27,915 one kilometre grid squares containing land in Highland Region.",Land Classification,high
http://data.europa.eu/88u/dataset/land-allocated-for-primary-leisure-areas,0.8484493494033813,0.49738484621047974,0.6840361952781677,0.4010012447834015,3,Land Allocated for Primary Leisure Areas,Carlisle City Council Land Allocated for Primary Leisure Areas.  Upon accessing this Licensed Data you will be deemed to have accepted the terms of the Public Sector End User Licence - INSPIRE,Land Allocated for Primary Leisure Areas; Land use; Various Development Zones,high
http://data.europa.eu/88u/dataset/2021-census-ready-made-table-rm017,0.8012060523033142,0.4165942072868347,0.6090443134307861,0.3166780471801758,2,2021 Census Ready Made Table RM017,"Economic activity status by country of birth
Table Population: All usual residents aged 16+",2021 census; ready made table,high
http://data.europa.eu/88u/dataset/tourism-visitors-to-attractions,0.799216628074646,0.3704744875431061,0.799216628074646,0.3704744875431061,1,Tourism - Visitors to Attractions,"This dataset shows how many people visited Attractions in Lincolnshire by calendar year.  Visitor numbers for a wide range of attractions are shown, along with other key information such as entrance fees.

The data's source is the Annual Survey of Visits to Visitor Attractions, run by Visit England.  (As usual with survey data there are some limitations, such as not all visitor attractions participating in the survey, and where visitor numbers are estimated that is indicated in the data).

This dataset is updated annually from statistics published by Visit Britain, see the Source link for more information.
",Tourism,high
http://data.europa.eu/88u/dataset/calverton-neighbourhood-plan-allotments,0.6709160804748535,0.24003607034683228,0.6709160804748535,0.24003607034683228,1,Calverton Neighbourhood Plan - Allotments,"<span style='font-family:&quot;Avenir Next W01&quot;, &quot;Avenir Next W00&quot;, &quot;Avenir Next&quot;, Avenir, &quot;Helvetica Neue&quot;, sans-serif; font-size:16px;'>Calverton Neighbourhood Plan - Allotments</span>",neighbourhood plan,high
http://data.europa.eu/88u/dataset/2021-census-ready-made-table-rm083,0.8029597997665405,0.308476060628891,0.6103774309158325,0.2344910055398941,2,2021 Census Ready Made Table RM083,"Multi-religion households by ethnic group of Household Reference Person
Table Population: All Household Reference Persons (HRPs)",2021 census; ready made table,high
http://data.europa.eu/88u/dataset/city-parks,0.9076038599014282,0.4207109212875366,0.7366414070129395,0.34146296977996826,6,Belfast City Parks,"This data set contains information about our parks, data items include: name, address, longitude, latitude",Belfast Council Parks; Belfast Parks; City Parks; belfast; city; parks,high
http://data.europa.eu/88u/dataset/places-of-worship2,0.8129196166992188,0.6185094118118286,0.6389414668083191,0.4861381947994232,6,Places of Worship,"Places of worship, broken down by Church of England, other denominations and mosques and madrassahs (Please note this may not be a complete list and if any are missing please inform us).",chapel; church; mosques; places of worship; religion; temples,high
http://data.europa.eu/88u/dataset/census-2021-country-of-birth,0.7975804805755615,0.3956209421157837,0.6235408186912537,0.30929267406463623,3,Census 2021 - Country of birth,"<p>The census is undertaken by the Office for National Statistics every 10 years and gives us a picture of all the people and households in England and Wales. The most recent census took place in March of 2021.</p><p>The census asks every household questions about the people who live there and the type of home they live in. In doing so, it helps to build a detailed snapshot of society. Information from the census helps the government and local authorities to plan and fund local services, such as education, doctors' surgeries and roads.<br/></p><p>Key census statistics for Leicester are published on the open data platform to make information accessible to local services, voluntary and community groups, and residents.<br/></p><p>Further information about the census and full datasets can be found on the ONS website - <a href=""https://www.ons.gov.uk/census/aboutcensus/censusproducts"" target=""_blank"">https://www.ons.gov.uk/census/aboutcensus/censusproducts</a><br/></p><p><b>Country of birth</b></p><p>This dataset provides Census 2021 estimates that classify usual residents in England and Wales by their country of birth. The estimates are as at Census Day, 21 March 2021.</p><p><b>Definition:</b> The country in which a person was born. For people not born in one of in the four parts of the UK, there was an option to select ""elsewhere"". People who selected ""elsewhere"" were asked to write in the current name for their country of birth.<br/></p>",Census; Population; country of birth,high
http://data.europa.eu/88u/dataset/impacts-of-increasing-land-use-under-energy-crops-ecology-data-2006-2009,0.7457563877105713,0.5327840447425842,0.6421850323677063,0.4587904214859009,4,"Impacts of increasing land use under energy crops - ecology data, 2006-2009","Ecological field data for a variety of biodiversity indicators were collected from commercial fields of both crops. The study is part of the NERC Rural Economy and Land Use (RELU) programme. Future policies are likely to encourage more land use under energy crops: principally willow, grown as short rotation coppice, and a tall exotic grass Miscanthus. These crops will contribute to the UK's commitment to reduce CO2 emissions. However, it is not clear how decisions about appropriate areas for growing the crops, based on climate, soil and water, should be balanced against impacts on the landscape, social acceptance, biodiversity and the rural economy. This project integrated social, economic, hydrological and biodiversity studies in an interdisciplinary approach to assessing the impact of converting land to Miscanthus grass and short-rotation coppice (SRC) willows. Two contrasting farming systems were focused on: the arable-dominated East Midlands; and grassland-dominated South West England. Ecological field data for a variety of biodiversity indicators were collected from commercial fields of both crops. The public attidues questionnaire data from this study are available at the UK Data Archive under study number 6615 (see Supplemental). Further documentation for this study may be found through the RELU Knowledge Portal and the project's ESRC funding award web page (see Supplemental).",Impacts of increasing land use under energy crops; Land Use; Land use; Rural Economy and Land Use Programme (RELU),high
http://data.europa.eu/88u/dataset/settlements2,0.7913762331008911,0.5649441480636597,0.6117265820503235,0.43669676780700684,3,Settlements,Boundary of Settlements within North Ayrshire as set out in the Local Development Plan,Land use; Local Development Plan; Settlements,high
http://data.europa.eu/88u/dataset/public-rights-of-way44,0.9285029768943787,0.685823380947113,0.9285029768943787,0.685823380947113,1,Public Rights of Way,Known public rights of way in County Durham,public right of way,high
http://data.europa.eu/88u/dataset/community-centres2,0.8968161940574646,0.46777212619781494,0.689403235912323,0.35958725214004517,5,Belfast Community Centres,"This data set contains information about our community centres, data items include: name, address, longitude, latitude",Belfast Community Centres; Council Community Centres; belfast; centres; community,high
http://data.europa.eu/88u/dataset/lp-minerals-area-of-preferred-extension-to-controlled-brine-field,0.7220613956451416,0.8627261519432068,0.7220613956451416,0.8627261519432068,1,LP Minerals Area of Preferred Extension to Controlled Brine field,Area of Preferred Extension to Controlled Brine field,Area of Preferred Extension to Controlled Brine fi,high
http://data.europa.eu/88u/dataset/census-2021-ethnic-groups,0.756979763507843,0.3915111720561981,0.6382647752761841,0.33011162281036377,2,Census 2021 - Ethnic groups,"<p>The census is undertaken by the Office for National Statistics every 10 years and gives us a picture of all the people and households in England and Wales. The most recent census took place in March of 2021.</p><p>The census asks every household questions about the people who live there and the type of home they live in. In doing so, it helps to build a detailed snapshot of society. Information from the census helps the government and local authorities to plan and fund local services, such as education, doctors' surgeries and roads.<br/></p><p>Key census statistics for Leicester are published on the open data platform to make information accessible to local services, voluntary and community groups, and residents.<br/></p><p>Further information about the census and full datasets can be found on the ONS website - <a href=""https://www.ons.gov.uk/census/aboutcensus/censusproducts"" target=""_blank"">https://www.ons.gov.uk/census/aboutcensus/censusproducts</a></p><p><b>Ethnicity</b></p><p>This dataset provides Census 2021 estimates that classify usual residents in England and Wales by ethnic group. The estimates are as at Census Day, 21 March 2021.</p><p><b>Definition:</b> The ethnic group that the person completing the census feels they belong to. This could be based on their culture, family background, identity or physical appearance.</p><p>Respondents could choose one out of 19 tick-box response categories, including write-in response options.</p><p>This dataset includes data relating to Leicester City and England overall.</p>",Census; Ethnicity,high
http://data.europa.eu/88u/dataset/air-quality-monitoring-sites9,0.6667723059654236,0.6431959867477417,0.6667723059654236,0.6431959867477417,1,Air Quality Monitoring Sites,Location of Air Quality Monitoring sites,environmental monitoring facilities,high
http://data.europa.eu/88u/dataset/list-of-internal-drainage-boards2,0.8804744482040405,0.48395591974258423,0.8804744482040405,0.48395591974258423,1,List of Internal Drainage Boards,"Please note: This catalog/data-sets has now been superseded by the the record titled:  Association of Drainage Authorities: Administrative Boundaries - Internal Drainage Districts in England.  This can be found here: https://data.gov.uk/catalog/data-sets/59af775e-efc7-458b-bdc3-593651d08aa8/association-of-drainage-authorities-administrative-boundaries-internal-drainage-districts-in-england

Internal Drainage Boards (IDBs) are independent locally funded and operated statutory public bodies. There are currently around 100 IDBs in England and the Boards consist of elected members who represent agricultural rate payers and local authority appointed members representing special levy payers in the local community.

IDBs are responsible for water level management in areas of special drainage need. They are responsible for reducing flood risk from ordinary watercourses for both rural and urban communities (including protection of businesses and infrastructure) and they also have duties in protecting and enhancing valuable wildlife habitats and conservation.  

They work in close partnership with the Environment Agency, Natural England, local authorities and others in carrying out their duties. 

For further information please visit: http://www.ada.org.uk/about_idbs.html",Internal Drainage Board,high
http://data.europa.eu/88u/dataset/looked-after-children-in-care,0.8031177520751953,0.5698207020759583,0.6377705335617065,0.4525052011013031,5,Looked After Children in Care,"Data on children looked after by local authorities in England is collected via annual returns known as the SSDA903 return from English local authorities by the Department for Education - see linked DfE dataset below.
This dataset is in relation on children looked after by the London Borough of Barnet, from 2010 to 2022. Data are collected at individual child level on those who are in care at 31 March each year, those who start or cease to be looked after including those adopted from care during the year ending 31 March, and for those who have recently left care. 
Characteristics of these children are collected including 

  gender
  category of need
  care reason code under SSDA903 return
  placement location
  care episode start date
  Legal code under SSDA903 return
  Child Looked After (CLA) start date
  Placement Type
  Current Age band
  2 Digit Need Code
  Need
  Legal Status Descriptor
  Looked after Child Type",Child Protection; Children in Care; Childrens Services; Family Services; Looked After Children,high
http://data.europa.eu/88u/dataset/air-quality-management-areas10,0.7523125410079956,0.48258423805236816,0.7523125410079956,0.48258423805236816,1,Air Quality Management Areas,Carlisle City Council Air Quality Management Areas.  Upon accessing this Licensed Data you will be deemed to have accepted the terms of the Public Sector End User Licence - INSPIRE,Local Air Quality Monitoring,high
http://data.europa.eu/88u/dataset/bike-hire-stations,0.9001432657241821,0.7232063412666321,0.6478291153907776,0.5204883217811584,4,Belfast Bike Hire Stations,This dataset contains locational data on Belfast Bike Hire Stations,Belfast; Belfast Bike Hire Stations; Bike Hire; Stations,high
http://data.europa.eu/88u/dataset/tree-trails-castle-hill-country-park,0.7386540174484253,0.5438517332077026,0.7386540174484253,0.5438517332077026,1,Tree Trails - Castle Hill Country Park,"<p style=""font-family: sans-serif;""><span style='color: rgb(34, 34, 34); font-family: ""Noto Sans"", Arial, sans-serif; font-size: 21.12px;'>T</span><span style='color: rgb(34, 34, 34); font-family: ""Noto Sans"", Arial, sans-serif; font-size: 21.12px;'>he Castle Hill Country Park tree trail allows visitors to have a leisurely walk and find out interesting facts about many of the magnificent trees that reside within the park.</span></p><p style=""font-family: sans-serif;""><span style='color: rgb(34, 34, 34); font-family: ""Noto Sans"", Arial, sans-serif; font-size: 21.12px;'>The 17 trees are all marked with small round numbered metal tags.</span></p><p style=""font-family: sans-serif;""><span style='color: rgb(34, 34, 34); font-family: ""Noto Sans"", Arial, sans-serif; font-size: 21.12px;'>This dataset contains a table of tree details, images of the trees and maps. For users who wish to print out a map of the locations of the trees it is suggested to use the ""Categorised Map"" tab within the dataset for this purpose, accompanied by the table which can be downloaded via the ""Export"" tab.</span></p>",Tree trails,high
http://data.europa.eu/88u/dataset/york-ward-profiles-2021-22-q3,0.7436619400978088,0.5935410857200623,0.7436619400978088,0.5935410857200623,1,York Ward Profiles 2021-22 Q3,"These are the York ward profiles containing information up to December 2021 on the 21 electoral wards using the __post May 2015 election boundaries.__
",ward profiles,high
http://data.europa.eu/88u/dataset/woodland-habitat-networks-grouped,0.7944929003715515,0.6306225061416626,0.621021568775177,0.4929310083389282,3,Woodland Habitat Networks-Grouped,"In 2020, with generous funding from the National Lottery Heritage Fund, Ulster Wildlife, National Trust NI, RSPB NI and Woodland Trust NI came together to start building capacity to deliver Nature Recovery Networks in Northern Ireland. As part of the project, habitat networks maps were produced for all terrestrial and intertidal priority habitats, based on the Natural England (Edwards et al., 2020) methodology. The habitat networks comprise vector datasets that map areas of land into different network categories, based on how favourable the land is for restoration to, or creation of the priority habitat, and how effective actions in each area would be at enhancing connectivity of the priority habitat, based on proximity to existing habitat patches. A description of these network categories is provided in Table 1 in the methodology report, available at https://www.ulsterwildlife.org/sites/default/files/2022-10/EnvSys%20NI%20NRN%20mapping%20report.pdf.

This file groups together the individual woodland priority habitats, which are also available for individual download. The habitat network maps do not represent a fully comprehensive depiction of land cover, nor do they provide specific land management options and do not therefore replace the need for an on-site ecological surveys/appraisals. The maps are intended to function as a decision-support tool alongside other pieces of information, both from on-site surveys and data from other sources.",Habitat networks; Priority Habitats; Woodland,high
http://data.europa.eu/88u/dataset/grassland-habitat-networks-grouped,0.8035051226615906,0.6239769458770752,0.6492950320243835,0.5042222142219543,3,Grassland Habitat Networks-Grouped,"In 2020, with generous funding from the National Lottery Heritage Fund, Ulster Wildlife, National Trust NI, RSPB NI and Woodland Trust NI came together to start building capacity to deliver Nature Recovery Networks in Northern Ireland. As part of the project, habitat networks maps were produced for all terrestrial and intertidal priority habitats, based on the Natural England (Edwards et al., 2020) methodology. The habitat networks comprise vector datasets that map areas of land into different network categories, based on how favourable the land is for restoration to, or creation of the priority habitat, and how effective actions in each area would be at enhancing connectivity of the priority habitat, based on proximity to existing habitat patches. A description of these network categories is provided in Table 1 in the methodology report, available at https://www.ulsterwildlife.org/sites/default/files/2022-10/EnvSys%20NI%20NRN%20mapping%20report.pdf.

This file groups together the individual grassland priority habitats, which are also available for individual download. The habitat network maps do not represent a fully comprehensive depiction of land cover, nor do they provide specific land management options and do not therefore replace the need for an on-site ecological surveys/appraisals. The maps are intended to function as a decision-support tool alongside other pieces of information, both from on-site surveys and data from other sources.",Habitat networks; Priority Habitats; grassland,high
http://data.europa.eu/88u/dataset/post-offices4,0.8578441739082336,0.7199018001556396,0.7050811648368835,0.5917032957077026,3,Post Offices,Post Offices including names and addresses.,post; post offices; postal,high
http://data.europa.eu/88u/dataset/heritage-landscapes,0.8845914602279663,0.6127336025238037,0.7294372320175171,0.5052623748779297,2,Heritage Landscapes,Heritage Landscapes that the City Corporation are responsible for maintaining.,Heritage; landscapes,high
http://data.europa.eu/88u/dataset/slope-for-landspreading,0.6962308883666992,0.5339866876602173,0.6962308883666992,0.5339866876602173,1,Slope for Landspreading,The Slope to Landspreading layer is a dataset derived from height data. It provides a colourised visual representation of pertinent slope angles for the regulation of landspreading activities.,slopes,high
http://data.europa.eu/88u/dataset/all-sources-within-agglomerations-noise-contours-lnight-round-2,-0.07512176036834717,0.13553759455680847,-0.07512176036834717,0.13553759455680847,1,All Sources (within agglomerations) Noise Contours Lnight Round 2,"Data indicating the level of noise according to the strategic noise mapping of consolidated sources (roads, railways, airports and industry) within areas with a population of at least 100,000 people (agglomerations). Lnight indicates night time annual average noise level results in dB, where night is defined as 2300 - 0700. This data is a product of the strategic noise mapping analysis undertaken to meet the requirements of the Environmental Noise Directive (Directive 2002/49/EC).",Human health and safety,low
http://data.europa.eu/88u/dataset/camden-council-average-housing-rent-by-bedroom-size,-0.0326988622546196,-0.06479470431804657,-0.0326988622546196,-0.06479470431804657,1,Camden Council Average Housing Rent By Bedroom Size,This dataset contains average rents of Camden housing stock by bedroom size. These values are from the annual Housing Revenue Account Budget and Rent Review document - links to this document are included in the dataset.,hra,low
http://data.europa.eu/88u/dataset/epr-authorisations1,-0.06027088686823845,0.24646635353565216,-0.054119210690259933,0.22131025791168213,2,EPR Authorisations,Locations of premisis permitted under the Environmental Permitting Regulations 2016,Air Quality; Pollution,low
http://data.europa.eu/88u/dataset/airport-noise-contours-lden-round-2,-0.04114820063114166,0.13852818310260773,-0.04114820063114166,0.13852818310260773,1,Airport Noise Contours Lden Round 2,"Data indicating the level of noise according to the strategic noise mapping of airport sources within areas with a population of at least 100,000 people (agglomerations) and airports with more than 50,000 (fifty thousand) air traffic movements per year. Lden indicates a 24 hour annual average noise level with separate weightings for the evening and night periods.This data is a product of the strategic noise mapping analysis undertaken to meet the requirements of the Environmental Noise Directive (Directive 2002/49/EC).",Human health and safety,low
http://data.europa.eu/88u/dataset/all-sources-within-agglomerations-noise-contours-lnight-round-1,-0.06522750854492188,0.13477352261543274,-0.06522750854492188,0.13477352261543274,1,All Sources (within agglomerations) Noise Contours Lnight Round 1,"Data indicating the level of noise according to the strategic noise mapping of consolidated sources (roads, railways, airports and industry) within areas with a population of at least 250,000 people (agglomerations). Lnight indicates night time annual average noise level results in dB, where night is defined as 2300 - 0700. This data is a product of the strategic noise mapping analysis undertaken to meet the requirements of the Environmental Noise Directive (Directive 2002/49/EC).",Human health and safety,low
http://data.europa.eu/88u/dataset/layer_01,-0.04034904018044472,0.2240028977394104,-0.04034904018044472,0.2240028977394104,1,layer_0,This dataset contains the LSOA (Lower Super Output Area) boundaries in the London Borough of Camden. These are created by the ONS (Office of National Statistics).,statistics,low
http://data.europa.eu/88u/dataset/3d-simulation-results-and-animations-of-copper-leaching-transport-and-deposition-in-sedimentary,-0.03942328691482544,-0.02082153595983982,-0.03942328691482544,-0.02082153595983982,1,"3D simulation results and animations of copper leaching, transport and deposition in sedimentary basins during the postrift stage","3D simulation results and animations of copper leaching, transport and deposition in sedimentary basins during the postrift stage according to Scenario 1 in Bahlali et al. (2025). Models are built using surface-based modelling approach (doi:10.1007/s11004-018-9764-8). Flow simulations are run with IC-FERST (multifluids.github.io), using unstructured tetrahedral meshes that adapt to geological heterogeneity and flow behaviour throughout the simulation to improve simulation quality and performance. Folder structure: Simulation: Contains 3D unstructured adaptive mesh output in .vtu format (openable with ParaView, www.paraview.org). Time interval between successive outputs is 50,000 years. Animations: Includes Supplementary Videos (SV) visualising - SV2: 3D view of salt transport over the postrift period (salinity in kg/kg) - SV3: Brine circulation and copper deposition over the postrift period - SV4: 3D view of Cu transport (rock Cu concentration in kg/kg) - SV5: 3D view of Cu transport (groundwater Cu concentration in kg/kg) - SV6: Top view of Cu mineralisation at the redox boundary (rock Cu concentration in kg/kg)",NERC_DDC,low
http://data.europa.eu/88u/dataset/all-sources-within-agglomerations-noise-contours-lden-round-2,-0.08395034074783325,0.17503860592842102,-0.08395034074783325,0.17503860592842102,1,All Sources (within agglomerations) Noise Contours Lden Round 2,"Data indicating the level of noise according to the strategic noise mapping of consolidated sources (roads, railways, airports and industry) within areas with a population of at least 250,000 people (agglomerations). Lden indicates a 24 hour annual average noise level with separate weightings for the evening and night periods. This data is a product of the strategic noise mapping analysis undertaken to meet the requirements of the Environmental Noise Directive (Directive 2002/49/EC).",Human health and safety,low
