dataset_id,agg_title_similarity,agg_description_similarity,avg_title_similarity,avg_description_similarity,num_keywords,title,description,keywords,outlier_type
http://data.europa.eu/88u/dataset/lp-minerals-area-of-preferred-extension-to-existing-salt-mine,0.8727269172668457,1.0,0.8727269172668457,1.0,1,LP Minerals Area of Preferred Extension to Existing Salt Mine,Area of Preferred Extension to Existing Salt Mine,Area of Preferred Extension to Existing Salt Mine,high
http://data.europa.eu/88u/dataset/local-nature-reserves3,0.737565279006958,0.6165140867233276,0.737565279006958,0.6165140867233276,1,Local Nature Reserves,Areas designated as Local Nature Reserves. Upon accessing this Licensed Data you will be deemed to have accepted the terms of the Public Sector End User Licence - INSPIRE ,nature_reserve,high
http://data.europa.eu/88u/dataset/rowbridleways,0.5219708681106567,0.6793904900550842,0.5219708681106567,0.6793904900550842,1,ROWBRIDLEWAYS,"
Public Bridleways, a category of Public Rights of Way
",Bridleways,high
http://data.europa.eu/88u/dataset/ward-profile-jan-2020-fortune-green-ward,0.731468915939331,0.5469344258308411,0.731468915939331,0.5469344258308411,1,Ward Profile Jan-2020 Fortune Green ward,"This updated profile incorporate the most recent ward data available from population forecasts, from surveys and from administrative data to give the best current view of the local population. They include current population and forecast changes; household income levels and deprivation; local workplace employment levels; levels of welfare claimants and unemployment benefit recipients; life expectancy and crime.",ward profile,high
http://data.europa.eu/88u/dataset/am_s_macclesfieldboroughcouncillocalplansavedpolicies_point_20172,0.3027265965938568,0.6625593304634094,0.3027265965938568,0.6625593304634094,1,AM_S_MacclesfieldBoroughCouncilLocalPlanSavedPolicies_POINT_2017,Point data to indicate sites and policies within Macclesfield Borough Local Plan saved policies,Macclesfield Local Plan Saved Policies,high
http://data.europa.eu/88u/dataset/camden-autism-needs-assessment,0.7610912322998047,0.7229160070419312,0.6963639259338379,0.6614353656768799,2,Camden Autism Needs Assessment,This needs assessment focuses on the needs of adults with autism   in Camden,autism; autism needs assessment,high
http://data.europa.eu/88u/dataset/york-ward-profiles-2020-21-q1,0.750669002532959,0.592833399772644,0.750669002532959,0.592833399772644,1,York Ward Profiles 2020-21 Q1,"These are the York ward profiles containing information up to June 2020 on the 21 electoral wards using the __post May 2015 election boundaries.__
",ward profiles,high
http://data.europa.eu/88u/dataset/halton-local-wildlife-sites,0.7847278118133545,0.745083749294281,0.7847278118133545,0.745083749294281,1,Halton Local Wildlife Sites,Dataset showing Local Wildlife Sites within the Councils administrative area. Areas recorded as polygons,Local Wildlife Sites,high
http://data.europa.eu/88u/dataset/ward-profile-jan-2020-cantelowes-ward,0.7823909521102905,0.5469344258308411,0.7823909521102905,0.5469344258308411,1,Ward Profile Jan-2020 Cantelowes ward,"This updated profile incorporate the most recent ward data available from population forecasts, from surveys and from administrative data to give the best current view of the local population. They include current population and forecast changes; household income levels and deprivation; local workplace employment levels; levels of welfare claimants and unemployment benefit recipients; life expectancy and crime.",ward profile,high
http://data.europa.eu/88u/dataset/orthomosaic-imagery-for-the-south-saskatchewan-river-canada,0.6460311412811279,0.6060360670089722,0.6460311412811279,0.6060360670089722,1,"Orthomosaic imagery for the South Saskatchewan River, Canada","Data were collected in 2015, 2016 and 2017 to provide high resolution imagery for two sections of the South Saskatchewan River, Canada. Photographs were acquired using conventional aerial plane images with a 0.06m ground resolution, captured at a height of approximately 1500m from a fixed-wing aeroplane with an UltraCamXp sensor. Imagery was obtained on four occasions (13th May 2015; 2nd Sept 2016; 8th June 2017; and 12th June 2017). The dataset consists of eight orthomosaics; one for each of the two river sections on each of the four dates. Images were collected as part of NERC project NE/L00738X/1. Full details about this dataset can be found at https://doi.org/10.5285/7473d4f9-c9a7-40ad-9f58-e58e25997fc5",South Saskatchewan River,high
http://data.europa.eu/88u/dataset/planning-constraints1,0.7479453682899475,0.7479453682899475,0.5483348965644836,0.5483348965644836,3,Planning Constraints,Planning Constraints,ANY KEYWORD; constraints; planning,high
http://data.europa.eu/88u/dataset/tower-of-london-world-heritage-site3,0.5951395034790039,0.5951395034790039,0.5406855344772339,0.5406855344772339,2,Tower of London World Heritage Site,Tower of London World Heritage Site,Heritage; World Heritage Site,high
http://data.europa.eu/88u/dataset/areas-benefiting-from-flood-defences34,0.6900960206985474,0.6880248188972473,0.6291998624801636,0.6273114085197449,3,Areas Benefiting From Flood Defences,The Areas Benefitting from Flood Defences show areas in Wales that benefit from flood defences that protect against flooding from Rivers and the Sea.  The areas shown benefit from different levels of flood protection and this is recognised in the risk classification shown in the Flood Risk Assessment Wales (FRAW) map. For specific information on the Standard of Protection afforded by flood defences refer to Flood Defences with Standardised Attributes.,flood defence; flood risk; flood risk management,high
http://data.europa.eu/88u/dataset/listed-building-consent-orders-polygons,0.7264895439147949,0.6832693219184875,0.5686581134796143,0.534827709197998,2,Listed Building Consent Orders Polygons,This dataset is a spatial depiction of Listed Building Consent Orders agreed in Cheshire East. Listed Building Consent Orders were introduced by section 60 of the Enterprise and  Regulatory Reform Act 2013. ,"Area management/restriction/regulation zones and r; Listed Building, Consent Order",high
http://data.europa.eu/88u/dataset/leicester-wards,0.7006239891052246,0.6354321837425232,0.6506905555725098,0.59014493227005,2,Leicester Wards,<p>Details of all wards within Leicester City Council's boundary</p>,ward boundaries; wards,high
http://data.europa.eu/88u/dataset/water-framework-directive-wfd-lake-waterbodies-cycle-224,0.7001118659973145,0.6824191808700562,0.5739191770553589,0.5594155192375183,2,Water Framework Directive (WFD) Lake Waterbodies Cycle 2,"Water Framework Directive (WFD) Lake Waterbodies Cycle 2 is a polygon Shapefile dataset containing Water Framework Directive (WFD) attributes that have been collated as defined for the implementation of the Water Framework Directive. Article 2, clause 5 of the WFD defines them as '...a body of standing inland surface water'. There is data on the physical characteristics, risk, classification and proposed objectives that can be linked to waterbodies by their unique identifiers. Artificial and modified lake waterbodies are included within this dataset, however, generally only lakes above > 50 hectares were assessed under the WFD except for lakes in protected areas, where a minimum of 5.0 ha was used. Lakes below this threshold are not included within this dataset unless allocated as Sites of Special Scientific Interest (SSSI). Each waterbody has been assigned 'EA_WB_ID', which is a unique identifier that enables a link to WFD attributes. These data apply to Cycle 2 of the Water Framework Directive.   Updated to 2018 version","Water Framework Directive (WFD); freshwater (fresh water, open water) (see also fre",high
http://data.europa.eu/88u/dataset/am_s_macclesfieldboroughcouncillocalplansavedpolicies_line_20172,0.30507445335388184,0.6445902585983276,0.30507445335388184,0.6445902585983276,1,AM_S_MacclesfieldBoroughCouncilLocalPlanSavedPolicies_LINE_2017,Line data to indicate sites and policies within Macclesfield Borough Local Plan saved policies,Macclesfield Local Plan Saved Policies,high
http://data.europa.eu/88u/dataset/york-ward-profiles-2022-23-q1,0.7385870814323425,0.5922926664352417,0.7385870814323425,0.5922926664352417,1,York Ward Profiles 2022-23 Q1,"These are the York ward profiles containing information up to June 2022 on the 21 electoral wards using the __post May 2015 election boundaries.__
",ward profiles,high
http://data.europa.eu/88u/dataset/halton-bap-habitat,0.7882273197174072,0.6215896010398865,0.7882273197174072,0.6215896010398865,1,Halton BAP Habitat,Dataset showing BAP Habitat Areas within the Councils administrative area. Areas recorded as polygons,BAP Habitat,high
http://data.europa.eu/88u/dataset/mid-ulster-council-emergency-support-centres1,0.8465800881385803,0.793650209903717,0.8465800881385803,0.793650209903717,1,Mid Ulster Council Emergency Support Centres,Mid Ulster Council Emergency Support Centres maintained by the Council and the Community,Emergency Support Centres,high
http://data.europa.eu/88u/dataset/bolsover-conservation-areas6,0.851607084274292,0.6395384669303894,0.7252348065376282,0.5446355938911438,2,Conservation Areas,"Conservation areas are those parts of the district which have been recognised as having a special architectural or historic interest which is worthy of preservation and enhancement.
When considering planning applications for developments within them, a duty is placed on the local planning authority to pay special attention to the desirability of preserving or enhancing the character or appearance of the conservation area.
",Conservation Areas; environment,high
http://data.europa.eu/88u/dataset/strategic-industrial-land,1.0,0.6270656585693359,1.0,0.6270656585693359,1,Strategic Industrial Land,Strategic Industrial Land in the London Borough of Ealing,Strategic Industrial Land,high
http://data.europa.eu/88u/dataset/heritage-bridges-and-viaducts,0.8365272283554077,0.6820164918899536,0.6592885851860046,0.5375146865844727,3,Heritage Bridges and Viaducts,Heritage Bridges and Viaducts that the City Corporation are responsible for maintaining.,Bridges; Heritage; Viaducts,high
http://data.europa.eu/88u/dataset/ward-profile-jan-2020-belsize-ward,0.8013619780540466,0.5469344258308411,0.8013619780540466,0.5469344258308411,1,Ward Profile Jan-2020 Belsize ward,"This updated profile incorporate the most recent ward data available from population forecasts, from surveys and from administrative data to give the best current view of the local population. They include current population and forecast changes; household income levels and deprivation; local workplace employment levels; levels of welfare claimants and unemployment benefit recipients; life expectancy and crime.",ward profile,high
http://data.europa.eu/88u/dataset/york-ward-profiles-2018-19-q4,0.7729706764221191,0.5947490334510803,0.7729706764221191,0.5947490334510803,1,York Ward Profiles 2018-19,"These are the York ward profiles containing information up to March 2019 on the 21 electoral wards using the __post May 2015 election boundaries.__
",ward profiles,high
http://data.europa.eu/88u/dataset/dept-for-infrastructure-information-asset-register,0.8539929986000061,0.778083086013794,0.6508110761642456,0.5929616093635559,3,Department for Infrastructure Information Asset Register,Record of all information assets held by the Department for Infrastructure,Department for Infrastructure; Information Asset; Information Asset Register,high
http://data.europa.eu/88u/dataset/doctors-parking,0.3632916212081909,0.658376932144165,0.3632916212081909,0.658376932144165,1,Doctors Parking,SY_PLN_LOCAL_TPT_2.Doctors_Parking,SY_PLN_LOCAL_TPT_2Doctors_Parking,high
http://data.europa.eu/88u/dataset/children-in-need-with-open-involvements,0.7473649978637695,0.5906477570533752,0.7473649978637695,0.5906477570533752,1,Children in Need with Open Involvements,"<p>Data showing Children in Need who have social work involvement by Ward.<br />
A child is a Child in Need if they are unlikely to achieve or maintain a reasonable standard of health or development without the provision of social care services by a local authority; their health or development is likely to be significantly impaired without the provision of such services; or they are disabled.</p>
<p>Please note that all totals have been rounded to the nearest 5.<br />
This dataset will be updated soon.</p>
",Children in Need,high
http://data.europa.eu/88u/dataset/green-belt3,0.8882145285606384,0.6118600368499756,0.8882145285606384,0.6118600368499756,1,Green Belt,The extent of the Green belt defined within the East Staffordshire Borough.,greenbelt,high
http://data.europa.eu/88u/dataset/lp-minerals-area-of-preferred-extension-to-existing-silica-sand-quarry,0.6709022521972656,0.7670778036117554,0.6709022521972656,0.7670778036117554,1,LP Minerals Area of Preferred Extension to Existing Silica Sand Quarry,Area of Preferred Extension to Existing Silica Sand Quarry,Area of Preferred Extension to Existing Silica San,high
http://data.europa.eu/88u/dataset/msoa-boundaries,0.7431067228317261,0.6233095526695251,0.7431067228317261,0.6233095526695251,1,MSOA Boundaries,<p>MSOA boundaries for Leicester City Leicestershire and Rutland<br/></p>,MSOA,high
http://data.europa.eu/88u/dataset/burnham-beeches-compartments1,0.4826904535293579,0.5492614507675171,0.4826904535293579,0.5492614507675171,1,Burnham Beeches Compartments,Boundaries of compartments used in management planning and recording,compartment boundary,high
http://data.europa.eu/88u/dataset/regneration-areas,0.6194437146186829,0.7241363525390625,0.6194437146186829,0.7241363525390625,1,Regneration Areas,Regeneration Area as designated on October 2011 Proposals Map,Regeneration Areas,high
http://data.europa.eu/88u/dataset/england-population-count,0.6215896010398865,0.5594145059585571,0.6215896010398865,0.5594145059585571,1,England Population - Count,<p>2020 mid-year population estimates for England.</p>,Population,high
http://data.europa.eu/88u/dataset/belfast-bike-live-data,0.7225241661071777,0.7394640445709229,0.578129768371582,0.5916842818260193,4,Belfast Bike Live Data,This data set contains regularly updated information on the locations of the Belfast Bike hire stations and available bikes.,Belfast; Belfast Bike Hire Stations; Belfast Bikes; Bike Hire,high
http://data.europa.eu/88u/dataset/heritage-monuments1,0.905376136302948,0.660258412361145,0.8091683983802795,0.5900974273681641,2,Heritage Monuments,Heritage Monuments that the City Corporation are responsible for maintaining.,Heritage; Monuments,high
http://data.europa.eu/88u/dataset/am_s_creweandnantwichlocalplansavedpolicies_point_20172,0.49181094765663147,0.749054491519928,0.49181094765663147,0.749054491519928,1,AM_S_CreweAndNantwichLocalPlanSavedPolicies_POINT_2017,Point data to indicate sites and policies within Crewe and Nantwich Borough Local Plan saved policies,Crewe and Nantwich Local Plan Saved Policies,high
http://data.europa.eu/88u/dataset/am_s_cheshireeastlocalplanstrategy_poly_2010to20302,0.32980287075042725,0.7858951091766357,0.32980287075042725,0.7858951091766357,1,AM_S_CheshireEastLocalPlanStrategy_POLY_2010to2030,Polygon data to indicate sites and policies of the Cheshire East Local Plan Strategy 2010-2030,Cheshire east Local Plan Strategy,high
http://data.europa.eu/88u/dataset/am_s_congletonboroughcouncillocalplansavedpolicies_point_20172,0.29065001010894775,0.6348248720169067,0.29065001010894775,0.6348248720169067,1,AM_S_CongletonBoroughCouncilLocalPlanSavedPolicies_POINT_2017,Point data to indicate sites and policies within Congleton Borough Local Plan saved policies,Congleton Local Plan Saved Policies,high
http://data.europa.eu/88u/dataset/sustainable-transport-strategy-london-strategy2,0.8728363513946533,0.7337433695793152,0.6842901110649109,0.575243353843689,3,Sustainable Transport Strategy - London Strategy,"This forms part of the Sustainable Transport Strategy Resource Library, please click here for more information.
There has never been a larger volume of strategies and guidance for improving transport in London. There are many consultancies as well as government organisations that provide these and they provide the basis for all programmes instigated by Local Authorities.",London Strategy; Sustainable Transport Strategy; Transport,high
http://data.europa.eu/88u/dataset/register-of-private-water-supplies-in-northern-ireland-30-03-20212,0.7681677341461182,0.6990320682525635,0.6417593955993652,0.5840005874633789,5,Register of Private Water Supplies in Northern Ireland (30/03/2021),"<DIV STYLE=""text-align:Left;""><DIV><DIV><P><SPAN STYLE=""font-weight:bold;"">About this layer: </SPAN></P><P><SPAN /><SPAN>A private water supply is any supply of water intended for human consumption and not provided by the water undertaker appointed under Article 13 of The Water and Sewerage Services (Northern Ireland) Order 2006, i.e. NI Water Ltd. The Private Water Supplies Regulations (Northern Ireland) 2017 require the Drinking Water Inspectorate (DWI) to hold a register of private water supplies which includes supplies to public or commercial premises or two or more private dwellings where the water is used for drinking, cooking, food preparation or other domestic purposes. This spatial dataset (polygons) illustrates a layer of 100m by 100m squares, each of which is randomly described around a registered private water supply in Northern Ireland. Both private water supplies currently monitored, or historically monitored, by the Drinking Water Inspectorate at the time of creation of the dataset are identifiable. This dataset was created on 3</SPAN><SPAN>0th March 2021</SPAN><SPAN> and superseded </SPAN><SPAN>29th June 2021.</SPAN></P><P><SPAN STYLE=""font-weight:bold;"">Visualisation: </SPAN><SPAN>This layer can be used for visualisation online in web maps.</SPAN></P><P><SPAN STYLE=""font-weight:bold;"">Analysis: </SPAN><SPAN>This layer can be used in dashboards.</SPAN></P><P><SPAN STYLE=""font-weight:bold;"">Download: </SPAN><SPAN>This data is downloadable.</SPAN></P></DIV></DIV></DIV>",drinking water; private water supplies; private water supplies in northern ireland; private water supply; registered private water suppplies,high
http://data.europa.eu/88u/dataset/york-ward-profiles-2023-24-q2,0.7176740169525146,0.5767887830734253,0.7176740169525146,0.5767887830734253,1,York Ward Profiles 2023-24 Q2,"These are the York ward profiles containing information up to September 2023 on the 21 electoral wards using the __post May 2015 election boundaries.__
",ward profiles,high
http://data.europa.eu/88u/dataset/soil-physico-chemical-properties-2007-countryside-survey1,0.7054327130317688,0.6566305160522461,0.5819737911224365,0.5417125821113586,2,Soil physico-chemical properties 2007 [Countryside Survey],"This dataset consists of soil physico-chemical properties (pH, loss on ignition, bulk density, moisture content, carbon stock and concentration, total nitrogen, Olsen phosphorus) from soils sampled from up to 591 1km squares across Great Britain in 2007. The Countryside Survey is a unique study or 'audit' of the natural resources of the UK's countryside. The sample sites are chosen from a stratified random sample, based on a 15 by 15 km grid of GB. Surveys have been carried out in 1978, 1984, 1990, 1998 and 2007 by the Centre for Ecology & Hydrology, with repeated visits to the majority of squares. The countryside is sampled and surveyed using rigorous scientific methods, allowing us to compare new results with those from previous surveys. In this way we can detect the gradual and subtle changes that occur in the UK's countryside over time. In addition to soil data, habitat areas, vegetation species data, linear habitat data, and freshwater habitat data are also gathered by Countryside Survey. Please note: the use of Olsen P data, particularly in relation to acidic soils, is controversial. Please ensure these data are suitable for your requirements and exercise caution in their use. Full details about this dataset can be found at https://doi.org/10.5285/79669141-cde5-49f0-b24d-f3c6a1a52db8",Countryside Survey; Soil,high
http://data.europa.eu/88u/dataset/register-of-private-water-supplies-in-northern-ireland-30-03-20213,0.7681677341461182,0.6990320682525635,0.6417593955993652,0.5840005874633789,5,Register of Private Water Supplies in Northern Ireland (30/03/2021),"<DIV STYLE=""text-align:Left;""><DIV><DIV><P><SPAN STYLE=""font-weight:bold;"">About this layer: </SPAN></P><P><SPAN /><SPAN>A private water supply is any supply of water intended for human consumption and not provided by the water undertaker appointed under Article 13 of The Water and Sewerage Services (Northern Ireland) Order 2006, i.e. NI Water Ltd. The Private Water Supplies Regulations (Northern Ireland) 2017 require the Drinking Water Inspectorate (DWI) to hold a register of private water supplies which includes supplies to public or commercial premises or two or more private dwellings where the water is used for drinking, cooking, food preparation or other domestic purposes. This spatial dataset (polygons) illustrates a layer of 100m by 100m squares, each of which is randomly described around a registered private water supply in Northern Ireland. Both private water supplies currently monitored, or historically monitored, by the Drinking Water Inspectorate at the time of creation of the dataset are identifiable. This dataset was created on 3</SPAN><SPAN>0th March 2021</SPAN><SPAN> and superseded </SPAN><SPAN>29th June 2021.</SPAN></P><P><SPAN STYLE=""font-weight:bold;"">Visualisation: </SPAN><SPAN>This layer can be used for visualisation online in web maps.</SPAN></P><P><SPAN STYLE=""font-weight:bold;"">Analysis: </SPAN><SPAN>This layer can be used in dashboards.</SPAN></P><P><SPAN STYLE=""font-weight:bold;"">Download: </SPAN><SPAN>This data is downloadable.</SPAN></P></DIV></DIV></DIV>",drinking water; private water supplies; private water supplies in northern ireland; private water supply; registered private water suppplies,high
http://data.europa.eu/88u/dataset/york-ward-profiles-2020-21-q2,0.7531854510307312,0.5878198146820068,0.7531854510307312,0.5878198146820068,1,York Ward Profiles 2020-21 Q2,"These are the York ward profiles containing information up to September 2020 on the 21 electoral wards using the __post May 2015 election boundaries.__
",ward profiles,high
http://data.europa.eu/88u/dataset/impacts-of-welfare-changes-april-2016,0.611810564994812,0.6950151324272156,0.47801002860069275,0.543018102645874,3,Impacts Of Welfare Changes April 2016,This presentation is part of an ongoing series of analyses of the impact of housing benefit and other welfare changes. This latest version includes possible impacts of recent government announcements on welfare.,benefit cap; housing benefit; welfare reform,high
http://data.europa.eu/88u/dataset/historic-parks-and-gardens2,0.6195491552352905,0.6195491552352905,0.6195491552352905,0.6195491552352905,1,Historic Parks and Gardens,Historic Parks and Gardens,Historic Sites,high
http://data.europa.eu/88u/dataset/nndr-credits-2015-2016,0.7465231418609619,0.5419654846191406,0.7465231418609619,0.5419654846191406,1,NNDR - Credits,NNDR Accounts in credit ,NNDR,high
http://data.europa.eu/88u/dataset/prime-agricultural-land,0.7892997860908508,0.5740146636962891,0.7366651892662048,0.5357363820075989,2,Prime Agricultural Land,"This dataset comes from an amalgamation of classes 1 and 2 of the MLURI Land capability classificaton. LCA Class 1 - Land capable of producing a very wide range of crops LCA Class 2 - Land capable of producing a wide range of crops Land Capability for Agriculture maps at 1:250K scale were produced and published in 1982. These maps provided a national and regional appreciation of the location and areal extent of the Land Capability for Agriculture classes and were specifically designed for strategic planning purposes. More detailed maps of the main arable areas of Scotland were carried out and published in the mid 1980's. These covered classes 1, 2 and 3.1. The purpose of these maps was to assist planners and agricultural officers in assessing cases made for development and determining priorities in relation to retaining areas of high quality agricultural land.",Agricultural land; Land use,high
http://data.europa.eu/88u/dataset/annual-percentage-change-in-passengers1,0.41881251335144043,0.6333656311035156,0.41881251335144043,0.6333656311035156,1,Annual percentage change in passengers,Annual percentage change in passengers travelling on London underground and buses.,bus-underground-transport-passengers,high
http://data.europa.eu/88u/dataset/ward-profile-jan-2020-frognal-and-fitzjohns-ward,0.6669785380363464,0.5469344258308411,0.6669785380363464,0.5469344258308411,1,Ward Profile Jan-2020 Frognal and Fitzjohns ward,"This updated profile incorporate the most recent ward data available from population forecasts, from surveys and from administrative data to give the best current view of the local population. They include current population and forecast changes; household income levels and deprivation; local workplace employment levels; levels of welfare claimants and unemployment benefit recipients; life expectancy and crime.",ward profile,high
http://data.europa.eu/88u/dataset/register-of-private-water-supplies-in-northern-ireland-30-03-20211,0.7681677341461182,0.6990320682525635,0.6417593955993652,0.5840005874633789,5,Register of Private Water Supplies in Northern Ireland (30/03/2021),"<DIV STYLE=""text-align:Left;""><DIV><DIV><P><SPAN STYLE=""font-weight:bold;"">About this layer: </SPAN></P><P><SPAN /><SPAN>A private water supply is any supply of water intended for human consumption and not provided by the water undertaker appointed under Article 13 of The Water and Sewerage Services (Northern Ireland) Order 2006, i.e. NI Water Ltd. The Private Water Supplies Regulations (Northern Ireland) 2017 require the Drinking Water Inspectorate (DWI) to hold a register of private water supplies which includes supplies to public or commercial premises or two or more private dwellings where the water is used for drinking, cooking, food preparation or other domestic purposes. This spatial dataset (polygons) illustrates a layer of 100m by 100m squares, each of which is randomly described around a registered private water supply in Northern Ireland. Both private water supplies currently monitored, or historically monitored, by the Drinking Water Inspectorate at the time of creation of the dataset are identifiable. This dataset was created on 3</SPAN><SPAN>0th March 2021</SPAN><SPAN> and superseded </SPAN><SPAN>29th June 2021.</SPAN></P><P><SPAN STYLE=""font-weight:bold;"">Visualisation: </SPAN><SPAN>This layer can be used for visualisation online in web maps.</SPAN></P><P><SPAN STYLE=""font-weight:bold;"">Analysis: </SPAN><SPAN>This layer can be used in dashboards.</SPAN></P><P><SPAN STYLE=""font-weight:bold;"">Download: </SPAN><SPAN>This data is downloadable.</SPAN></P></DIV></DIV></DIV>",drinking water; private water supplies; private water supplies in northern ireland; private water supply; registered private water suppplies,high
http://data.europa.eu/88u/dataset/identified-residential-areas,0.6028956174850464,0.7476056814193726,0.46713003516197205,0.5792528986930847,3,Identified Residential Areas,Identified Residential Areas in the City Plan 2040,Planning; Policy: City Plan 2040; Residential,high
http://data.europa.eu/88u/dataset/halton-tree-preservation-orders,0.787108302116394,0.678107500076294,0.787108302116394,0.678107500076294,1,Halton Tree Preservation Orders,"Dataset showing Tree Preservation Orders within the Councils administrative area. Individual Trees, groups, woodlands, parklands and areas recorded as polygons",Tree preservation orders,high
http://data.europa.eu/88u/dataset/2004-strategic-environmental-assessment-sea5-technical-report-conservation-north-sea,0.47522416710853577,0.5786045789718628,0.47522416710853577,0.5786045789718628,1,2004 Strategic Environmental Assessment SEA5 Technical Report - Conservation (North Sea),"This report is a contribution to the Strategic Environmental Assessment (SEA5) conducted by the Department of Trade and Industry (now Department of Energy and Climate Change). An integral element of any environmental assessment for offshore oil and gas exploration, and for possible nearshore renewable energy proposals, involves a review of potential sites of conservational importance within the region of interest. For the purpose of SEA 5, this is especially important given the scale of the area in question and the fact that it includes the coastal zone which is known to support a large number of conservation sites.

The SEA 5 area displays a wide variety of habitat types such as coastal cliffs, rock platforms, beaches and dunes. The area also includes major estuaries such as the Tay and the Forth. Some of these habitats are rare in a national and/or international context, and many support important numbers of bird colonies, seals and, in the Moray Firth, dolphins.

This report identifies and locates coastal and nearshore sites within the SEA 5 area which are protected by international, national and local conservation designations as well as describing the sites and reasons for their protected status. The coastal conservation sites are listed according to whether they are of international, national or local importance.",Protected sites Sea regions,high
http://data.europa.eu/88u/dataset/york-ward-profiles-2019-20-q3,0.7341932654380798,0.5928508043289185,0.7341932654380798,0.5928508043289185,1,York Ward Profiles 2019-20 Q3,"These are the York ward profiles containing information up to 31st December 2019 on the 21 electoral wards using the __post May 2015 election boundaries.__
",ward profiles,high
http://data.europa.eu/88u/dataset/ward-profile-jan-2020-camden-town-with-primrose-hill-ward,0.6878746747970581,0.5469344258308411,0.6878746747970581,0.5469344258308411,1,Ward Profile Jan-2020 Camden Town with Primrose Hill ward,"This updated profile incorporate the most recent ward data available from population forecasts, from surveys and from administrative data to give the best current view of the local population. They include current population and forecast changes; household income levels and deprivation; local workplace employment levels; levels of welfare claimants and unemployment benefit recipients; life expectancy and crime.",ward profile,high
http://data.europa.eu/88u/dataset/ncc-maintained-community-centres,0.7371411323547363,0.9445075988769531,0.5993549227714539,0.7679605484008789,2,NCC maintained Community Centres,Community Centres owned and maintained by Nottingham City Council.,Community Centres; Nottingham City Council owned and maintained,high
http://data.europa.eu/88u/dataset/ward-profile-jan-2020-holborn-and-covent-garden-ward,0.6633516550064087,0.5469344258308411,0.6633516550064087,0.5469344258308411,1,Ward Profile Jan-2020 Holborn and Covent Garden ward,"This updated profile incorporate the most recent ward data available from population forecasts, from surveys and from administrative data to give the best current view of the local population. They include current population and forecast changes; household income levels and deprivation; local workplace employment levels; levels of welfare claimants and unemployment benefit recipients; life expectancy and crime.",ward profile,high
http://data.europa.eu/88u/dataset/exploring-how-to-measure-social-integration-using-digital-and-online-data1,0.6898281574249268,0.5978065729141235,0.6898281574249268,0.5978065729141235,1,Exploring how to measure social integration using digital and online data,"As part of the Mayor's Social Integration Strategy published in March 2018, one of the commitments was to develop a more comprehensive set of measures for social integration and to carry out bespoke and innovative data collection for London to achieve this.
This scoping study conducted by the Centre for Analysis of Social Media at Demos and commissioned by the GLA is the first step towards looking at more innovative data collection methods.
The report highlights the potential opportunities and pitfalls in using digital and online data in measuring social integration in London, identifies a diverse selection of sources available and provides an outline of potential use cases for this data across the breadth of social integration measures.
A handy one-page matrix of all of the evaluated sources is also available to download separately.",social integration,high
http://data.europa.eu/88u/dataset/os-mastermap-topography-layer2,0.5396904945373535,0.5557136535644531,0.5396904945373535,0.5557136535644531,1,OS MasterMap Topography Layer,"OS MasterMap Topography Layer is the most detailed and accurate view of Great Britain's landscape. It includes features representing the manmade and natural environment, including: roads, tracks and paths; land cover; buildings; water; rail; height;heritage; structures and; administrative boundaries. All features are assigned a unique Topographic Identifier (TOID).",Topography,high
http://data.europa.eu/88u/dataset/ward-profile-jan-2020-regents-park-ward,0.7038519382476807,0.5469344258308411,0.7038519382476807,0.5469344258308411,1,Ward Profile Jan-2020 Regent's Park ward,"This updated profile incorporate the most recent ward data available from population forecasts, from surveys and from administrative data to give the best current view of the local population. They include current population and forecast changes; household income levels and deprivation; local workplace employment levels; levels of welfare claimants and unemployment benefit recipients; life expectancy and crime.",ward profile,high
http://data.europa.eu/88u/dataset/halton-area-of-undeveloped-coast-unitary-development-plan,0.7070389986038208,0.6882495880126953,0.6626769304275513,0.6450663805007935,2,Halton Area of Undeveloped Coast (Unitary Development Plan),Dataset showing Area of Undeveloped Coast within the Councils administrative area published as part of the Halton Unitary Development Plan 2005. Areas recorded as polygons,Area of undeveloped coast; Coastal Areas,high
http://data.europa.eu/88u/dataset/ward-profile-jan-2020-highgate-ward,0.7807846665382385,0.5469344258308411,0.7807846665382385,0.5469344258308411,1,Ward Profile Jan-2020 Highgate ward,"This updated profile incorporate the most recent ward data available from population forecasts, from surveys and from administrative data to give the best current view of the local population. They include current population and forecast changes; household income levels and deprivation; local workplace employment levels; levels of welfare claimants and unemployment benefit recipients; life expectancy and crime.",ward profile,high
http://data.europa.eu/88u/dataset/york-ward-profiles-2022-23,0.7411791086196899,0.5839060544967651,0.7411791086196899,0.5839060544967651,1,York Ward Profiles 2022-23,"These are the York ward profiles containing information up to March 2023 on the 21 electoral wards using the __post May 2015 election boundaries.__
",ward profiles,high
http://data.europa.eu/88u/dataset/lp-minerals-area-of-search-for-sand-and-gravel,0.8227496147155762,1.0,0.8227496147155762,1.0,1,LP Minerals Area of Search for Sand and Gravel,Area of Search for Sand and Gravel,Area of Search for Sand and Gravel,high
http://data.europa.eu/88u/dataset/flood-risk-areas-cycle-224,0.7648908495903015,0.6608307361602783,0.7386249899864197,0.6381382942199707,2,Flood Risk Areas (Cycle 2),The Cycle 2 Flood Risk Areas are those communities in Wales where most significant flood risks exist across all sources of flood risk. They were identified for the purpose of the second Preliminary Flood Risk Assessment under the Flood Risk Regulations 2009. The threshold for communities at significant risk of flooding was set by Welsh Government with input from Natural Resources Wales and the Welsh Local Government Association (representing Lead Local Flood Authorities).  The Cycle 2 Flood Risk Areas were identified in December 2018 and replace the Cycle 1 Flood Risk Areas.,flood risk; flood risk management,high
http://data.europa.eu/88u/dataset/cctv-cameras5,0.9152923822402954,0.591421365737915,0.8248785138130188,0.5329998135566711,3,CCTV Cameras,<p>This provides details of CCTV cameras sited within Leicester City and other areas.</p>,CCTV; CCTV camera; Camera,high
http://data.europa.eu/88u/dataset/york-ward-profiles-2023-24-q3,0.7096191644668579,0.5799201726913452,0.7096191644668579,0.5799201726913452,1,York Ward Profiles 2023-24 Q3,"These are the York ward profiles containing information up to December 2023 on the 21 electoral wards using the __post May 2015 election boundaries.__
",ward profiles,high
http://data.europa.eu/88u/dataset/york-ward-profiles-2024-25-q1,0.7314765453338623,0.5908911824226379,0.7314765453338623,0.5908911824226379,1,York Ward Profiles 2024-25 Q1,"These are the York ward profiles containing information up to June 2024 on the 21 electoral wards using the __post May 2015 election boundaries.__
",ward profiles,high
http://data.europa.eu/88u/dataset/ward-profile-jan-2020-haverstock-ward,0.7919629812240601,0.5469344258308411,0.7919629812240601,0.5469344258308411,1,Ward Profile Jan-2020 Haverstock ward,"This updated profile incorporate the most recent ward data available from population forecasts, from surveys and from administrative data to give the best current view of the local population. They include current population and forecast changes; household income levels and deprivation; local workplace employment levels; levels of welfare claimants and unemployment benefit recipients; life expectancy and crime.",ward profile,high
http://data.europa.eu/88u/dataset/york-ward-profiles-2021-22-q1,0.7539853453636169,0.5956294536590576,0.7539853453636169,0.5956294536590576,1,York Ward Profiles 2021-22 Q1,"These are the York ward profiles containing information up to June 2021 on the 21 electoral wards using the __post May 2015 election boundaries.__
",ward profiles,high
http://data.europa.eu/88u/dataset/strategic-sites,0.8779433965682983,0.6511956453323364,0.7707847356796265,0.5717129707336426,2,Strategic Sites,Strategic Sites as designated on the 2011 Proposals Map,Development Sites; Strategic Sites,high
http://data.europa.eu/88u/dataset/national-flood-hazard-maps-201920192021,0.7091672420501709,0.6781189441680908,0.6541603207588196,0.6255202293395996,3,National Flood Hazard Maps 2019,"The National Flood Hazard and Risk Maps are based on generalised modelling only. The maps have been published to comply with the Flood Risk Regulations (2009) and the EU Directive (2007/60/EC), and used to inform the creation of Flood Risk Management plans across Wales. These maps have no official status for Planning or Insurance purposes, therefore the public and professionals are advised to use the information contained within the Flood Risk Assessment Wales Map, the Development Advice Map/ Flood Map for Planning (as appropriate) for these purposes as these will be more up-to-date and incorporate improved modelling information.   The National Flood Hazard Maps have been created for 3 sources of flooding, namely,  1. Flooding from Rivers 2. Flooding from the Sea 3. Flooding from Surface Water & Small Watercourse  The Maps show flood depth, velocity (speed and direction), hazard and extent for High, Medium and Low risk scenarios without raised flood defences.  For Rivers and Surface Water & Small Watercourses, High risk is up to 1 in 30year; Medium risk is between 1 in 30 and 1 in 100year; and Low risk is between 1 in 100year and 1 in 1,000year Annual Exceedance Probability (AEP).  For the Sea, High risk is up to 1 in 30 year; Medium risk is between 1 in 30 to 1 in 200 year; and Low risk 1 in 200 year to 1 in 1000 year.  The Flooding from Surface Water & Small Watercourses dataset is a direct replacement for the earlier Updated Flood Map for Surface Water (uFMfSW), 2013 and is based on the modelling of Surface Water Catchments.  Details of the modelling work to produce the new National Flood Hazard Maps are available in the supporting Information sheets.",flood hazard; flood risk; floods (flooding),high
http://data.europa.eu/88u/dataset/am_s_congletonboroughcouncillocalplansavedpolicieslabel_point_20172,0.2813720107078552,0.610379695892334,0.2813720107078552,0.610379695892334,1,AM_S_CongletonBoroughCouncilLocalPlanSavedPoliciesLabel_POINT_2017,Label data to indicate sites and policies within Congleton Borough Local Plan saved policies,Congleton Local Plan Saved Policies,high
http://data.europa.eu/88u/dataset/compensation-claims-by-compensator-and-type,0.5591448545455933,0.7292768955230713,0.4630347192287445,0.6039230823516846,3,Compensation claims by compensator and type,"Compensation claims made in year by compensator in relation to personal injury claims, with personal injury case type noted.",compensation; injury claims; personal injury,high
http://data.europa.eu/88u/dataset/york-ward-profiles-2023-24-q4,0.7293243408203125,0.5902450084686279,0.7293243408203125,0.5902450084686279,1,York Ward Profiles 2023-24,"These are the York ward profiles containing information up to March 2024 on the 21 electoral wards using the __post May 2015 election boundaries.__
",ward profiles,high
http://data.europa.eu/88u/dataset/register-of-private-water-supplies-in-northern-ireland-30-03-2021,0.7681677341461182,0.6990320682525635,0.6417593955993652,0.5840005874633789,5,Register of Private Water Supplies in Northern Ireland (30/03/2021),"<DIV STYLE=""text-align:Left;""><DIV><DIV><P><SPAN STYLE=""font-weight:bold;"">About this layer: </SPAN></P><P><SPAN /><SPAN>A private water supply is any supply of water intended for human consumption and not provided by the water undertaker appointed under Article 13 of The Water and Sewerage Services (Northern Ireland) Order 2006, i.e. NI Water Ltd. The Private Water Supplies Regulations (Northern Ireland) 2017 require the Drinking Water Inspectorate (DWI) to hold a register of private water supplies which includes supplies to public or commercial premises or two or more private dwellings where the water is used for drinking, cooking, food preparation or other domestic purposes. This spatial dataset (polygons) illustrates a layer of 100m by 100m squares, each of which is randomly described around a registered private water supply in Northern Ireland. Both private water supplies currently monitored, or historically monitored, by the Drinking Water Inspectorate at the time of creation of the dataset are identifiable. This dataset was created on 3</SPAN><SPAN>0th March 2021</SPAN><SPAN> and superseded </SPAN><SPAN>29th June 2021.</SPAN></P><P><SPAN STYLE=""font-weight:bold;"">Visualisation: </SPAN><SPAN>This layer can be used for visualisation online in web maps.</SPAN></P><P><SPAN STYLE=""font-weight:bold;"">Analysis: </SPAN><SPAN>This layer can be used in dashboards.</SPAN></P><P><SPAN STYLE=""font-weight:bold;"">Download: </SPAN><SPAN>This data is downloadable.</SPAN></P></DIV></DIV></DIV>",drinking water; private water supplies; private water supplies in northern ireland; private water supply; registered private water suppplies,high
http://data.europa.eu/88u/dataset/blue-badge-analysis,0.7912386655807495,0.5990605354309082,0.7912386655807495,0.5990605354309082,1,Blue Badge - Analysis,<p>Number of Blue Badges issued annually by Type (New or renewal application) and Eligibility criteria.</p><p>The data will be updated quarterly.</p>,Blue Badge,high
http://data.europa.eu/88u/dataset/bgs-1-25-000-classical-areas-of-british-geology-series-geological-maps,0.6682032346725464,0.7197492122650146,0.5065401196479797,0.5456151366233826,7,BGS 1:25 000 Classical Areas of British Geology Series geological maps,"A series of maps at the detailed scale of 1:25 000 have been produced for areas of outstanding geological interest in Great Britain. Some maps are accompanied by explanatory booklets. The maps were published between 1954 and 2007. About 60 maps have been published, some showing solid geology, some drift geology and some combined solid and drift. Most of the maps include geological cross sections and generalised vertical sections. Geological maps represent a geologist's compiled interpretation of the geology of an area. A geologist will consider the data available at the time, including measurements and observations collected during field campaigns, as well as their knowledge of geological processes and the geological context to create a model of the geology of an area. This model is then fitted to a topographic basemap and drawn up at the appropriate scale, with generalization if necessary, to create a geological map, which is a representation of the geological model. Explanatory notes and vertical and horizontal cross sections may be published with the map. Geological maps may be created to show various aspects of the geology, or themes. These maps are hard-copy paper records stored in the National Geoscience Data Centre (NGDC) and are delivered as digital scans through the BGS website.",Geological mapping; Geological maps; Geological models; Geological surveys; Geology; Maps; NERC_DDC,high
http://data.europa.eu/88u/dataset/york-ward-profiles-2024-25-q2,0.724220871925354,0.5851390361785889,0.724220871925354,0.5851390361785889,1,York Ward Profiles 2024-25 Q2,"These are the York ward profiles containing information up to September 2024 on the 21 electoral wards using the __post May 2015 election boundaries.__
",ward profiles,high
http://data.europa.eu/88u/dataset/air-quality-management-area65,0.6062055826187134,0.6117092967033386,0.5330305695533752,0.5378698706626892,2,Air Quality Management Area,Air Quality Management Areas in Ipswich Borough indicating areas where air pollution might be an issue and to decrease the pollution special care has been taken,air_pollution; environmental_health_protection,high
http://data.europa.eu/88u/dataset/york-ward-profiles-2019-20-q2,0.7787743210792542,0.5936428308486938,0.7787743210792542,0.5936428308486938,1,York Ward Profiles 2019-20,"These are the York ward profiles containing information up to March 2020 on the 21 electoral wards using the __post May 2015 election boundaries.__
",ward profiles,high
http://data.europa.eu/88u/dataset/fife-local-nature-reserves-wfs,0.611801266670227,0.5735082626342773,0.611801266670227,0.5735082626342773,1,Fife Local Nature Reserves (WFS),WFS Service provides download capabilities for details of the location and description of Local Nature Reserves in Fife,nature reserve,high
http://data.europa.eu/88u/dataset/halton-polling-districts,0.8192282319068909,0.7768086194992065,0.8192282319068909,0.7768086194992065,1,Halton Polling Districts,Dataset showing Polling Districts within the Councils administrative area. Areas recorded as polygons,Polling Districts,high
http://data.europa.eu/88u/dataset/city-cluster-tall-building-contours,0.5563794374465942,0.7585039138793945,0.4176788032054901,0.569415271282196,3,City Cluster - Tall Building Contours,Draft planning policy in the City Plan 2040 indicating the contours to be considered for the proposed tall building area in the City Cluster,Planning; Policy: City Plan 2040; Tall Building,high
http://data.europa.eu/88u/dataset/cambridgeshire-county-council-parking-information1,0.8326652646064758,0.7811203002929688,0.6225290894508362,0.5839923620223999,2,Cambridgeshire County Council Parking Information,"<p>This page contains information about Cambridgeshire County Council's Parking Accounts, and also Parking Spaces.</p>
",Cambridgeshire County Council; parking,high
http://data.europa.eu/88u/dataset/halton-town-centre-classifications,0.7373194694519043,0.8070490956306458,0.7373194694519043,0.8070490956306458,1,Halton Town Centre Classifications,Dataset showing Town Centre Classifications within the Councils administrative area. Areas recorded as polygons,Town Centre Classification,high
http://data.europa.eu/88u/dataset/york-ward-profiles-2025-26-q1,0.7256066799163818,0.5810235738754272,0.7256066799163818,0.5810235738754272,1,York Ward Profiles 2025-26 Q1,"These are the York ward profiles containing information up to June 2025 on the 21 electoral wards using the __post May 2015 election boundaries.__
",ward profiles,high
http://data.europa.eu/88u/dataset/reservoir-inflows-and-release-data-and-optimised-monthly-rule-curve-ordinates-upper-lower-and-c,0.4603481888771057,0.5969038009643555,0.4603481888771057,0.5969038009643555,1,"Reservoir inflows and release data, and optimised monthly rule curve ordinates (upper, lower and critical) for Pong and Bhakra reservoirs in Northern India","Data comprise reservoir inflows and release data (including spills), evaporation loss and optimised monthly rule curve ordinates (upper, lower and critical) for Pong and Bhakra reservoirs in Northern India. Also included in the rule curve data are associated reservoir rationing ratios that can be applied to gross demand when rationing is also indicated. Data contain monthly Inflows, net-evaporation loss and release (all in million cubic metres, i.e. x 10^6 m^3) as simulated by WEAP for the Pong and Bhakra reservoir for the baseline (1989 - 2008); mid-century (2032-2050) and end-century (2082-2100) periods. The future inflows were based on forcing the WEAP model of the basin with climate projections of the GFDL-CM3 CMIP model The data were collected by Heriot-Watt University under the Sustaining Himalayan Water Resources in a Changing Climate (SusHi-Wat) project funded by NERC. Full details about this dataset can be found at https://doi.org/10.5285/46135938-cc6c-44a0-b35b-f6e5f5dd1221",Sustaining Himalayan Water Resources in a Changing,high
http://data.europa.eu/88u/dataset/york-ward-profiles-2020-21-q4,0.7713302373886108,0.5936583280563354,0.7713302373886108,0.5936583280563354,1,York Ward Profiles 2020-21,"These are the York ward profiles containing information up to March 2021 on the 21 electoral wards using the __post May 2015 election boundaries.__
",ward profiles,high
http://data.europa.eu/88u/dataset/city-cluster-tall-building-areas,0.5662981271743774,0.7684071660041809,0.42512479424476624,0.5768498778343201,3,City Cluster - Tall Building Areas,Draft planning policy in the City Plan 2040 indicating the tall building area in the City Cluster,Planning; Policy: City Plan 2040; Tall Building,high
http://data.europa.eu/88u/dataset/york-ward-profiles-2022-23-q2,0.7330765128135681,0.5839071273803711,0.7330765128135681,0.5839071273803711,1,York Ward Profiles 2022-23 Q2,"These are the York ward profiles containing information up to September 2022 on the 21 electoral wards using the __post May 2015 election boundaries.__
",ward profiles,high
http://data.europa.eu/88u/dataset/am_s_creweandnantwichlocalplansavedpolicies_line_20172,0.5198948979377747,0.7389225959777832,0.5198948979377747,0.7389225959777832,1,AM_S_CreweAndNantwichLocalPlanSavedPolicies_LINE_2017,Line data to indicate sites and policies within Crewe and Nantwich Borough Local Plan saved policies,Crewe and Nantwich Local Plan Saved Policies,high
http://data.europa.eu/88u/dataset/leaf-phenology-synchrony-for-meso-and-south-america,0.2730674743652344,0.6480317115783691,0.24360179901123047,0.5781051516532898,3,Leaf phenology synchrony for Meso- and South America,"[THIS DATASET HAS BEEN WITHDRAWN]. The leaf phenology product presented here shows the amplitude of annual cycles observed in MODIS (Moderate Resolution Imaging Spectroradiometer) normalized difference vegetation index (NDVI) and enhanced vegetation index (EVI) 16-day time-series of 2000 to 2013 for Meso- and South America. The values given represent a conservative measure of the amplitude after the annual cycle was identified and tested for significance by means of the Fourier Transform. The amplitude was derived for four sets of vegtation indices (VI) time-series based on the MODIS VI products (500m MOD13A1; 1000m MOD13A2). The amplitude value can be interpreted as the degree in which the life cycles of individual leaves of plants observed within a pixel are synchronised. In other words, given the local variation in environment and climate and the diversity of species leaf life cycle strategies, an image pixel will represent vegetation communities behaving between two extremes: * well synchronized, where the leaf bud burst and senescence of the individual plants within the pixel occurs near simultaneously, yielding a high amplitude value. Often this matches with an area of low species diversity (e.g. arable land) or with areas where the growth of all plants is controlled by the same driver (e.g. precipitation). * poorly synchronized, where the leaf bud burst and senescence of individual plants within a pixel occurs at different times of the year, yielding a low amplitude value. Often this matches with an area of high species diversity and/or where several drivers could be controlling growth. Full details about this dataset can be found at https://doi.org/10.5285/36795e9d-2380-465c-947b-3c9ae26f92d0",enhanced vegetation index (EVI); normalized difference vegetation index (NDVI); vegetation index (VI),high
http://data.europa.eu/88u/dataset/tree-trails-humberstone-park,0.7239843606948853,0.5438594222068787,0.7239843606948853,0.5438594222068787,1,Tree Trails - Humberstone Park,"<p style=""font-family: sans-serif;""><span style='color: rgb(34, 34, 34); font-family: ""Noto Sans"", Arial, sans-serif; font-size: 21.12px;'>T</span><span style='color: rgb(34, 34, 34); font-family: ""Noto Sans"", Arial, sans-serif; font-size: 21.12px;'>he Humberstone Park tree trail allows visitors to have a leisurely walk and find out interesting facts about many of the magnificent trees that reside within the park.</span></p><p style=""font-family: sans-serif;""><span style='color: rgb(34, 34, 34); font-family: ""Noto Sans"", Arial, sans-serif; font-size: 21.12px;'>The 22 trees are all marked with small round numbered metal tags.</span></p><p style=""font-family: sans-serif;""><span style='color: rgb(34, 34, 34); font-family: ""Noto Sans"", Arial, sans-serif; font-size: 21.12px;'>This dataset contains a table of tree details, images of the trees and maps. For users who wish to print out a map of the locations of the trees it is suggested to use the ""Categorised Map"" tab within the dataset for this purpose, accompanied by the table which can be downloaded via the ""Export"" tab.</span></p>",Tree trails,high
http://data.europa.eu/88u/dataset/2005-strategic-environmental-assessment-sea6-technical-report-conservation-irish-sea,0.4579871892929077,0.5920166373252869,0.4579871892929077,0.5920166373252869,1,2005 Strategic Environmental Assessment SEA6 Technical Report - Conservation (Irish Sea),"This report is a contribution to the Strategic Environmental Assessment (SEA6) conducted by the Department of Trade and Industry (now Department of Energy and Climate Change). An integral element of any environmental assessment for offshore oil and gas development, and for possible nearshore renewable energy proposals, is a review of potential sites of conservational importance within the region of interest. For the purpose of SEA 6, this is especially important given the scale of the area (over 400 km from the tip of SW Wales to the Mull of Kintyre); its division into five separate states/provinces, each with their own nature conservation authorities and some differences in nature conservation legislation; the fact that it includes a very considerable length of coastal zone and that a very large proportion of those coasts are designated as nature conservation sites. 

The report identifies and locates coastal and nearshore sites within the SEA 6 area which are protected by international, national and local conservation designations. The sites are briefly described and the reasons for their protected status are given. For internationally important sites, summary information describing the main features of the site is provided and there is also an assessment of the vulnerability of the site and any relevant management issues. The ordering of the national sites does not imply any formal ranking, but is a relative judgement of their conservation importance.",Protected sites Sea regions,high
http://data.europa.eu/88u/dataset/york-ward-profiles-2021-22-q2,0.749202311038971,0.5898555517196655,0.749202311038971,0.5898555517196655,1,York Ward Profiles 2021-22 Q2,"These are the York ward profiles containing information up to September 2021 on the 21 electoral wards using the __post May 2015 election boundaries.__
",ward profiles,high
http://data.europa.eu/88u/dataset/local-landscape-areas-fife,0.6896320581436157,0.7138233184814453,0.6663101315498352,0.6896834373474121,2,Local Landscape Areas - Fife,"Dataset provides details of areas where the scenery is highly valued locally and designated to ensure that the landscape is not damaged by inappropriate development. The designations raise awareness of the landscape qualities that make the particular areas distinctive, and have associated policies to safeguard their valued features. They aim to promote understanding of the distinctive character and special qualities of the landscape, ensuring that there is careful consideration of development and the impacts that may result on that landscape, while supporting positive change and opportunities for enjoyment, maintenance and enhancement of the distinctive character.",local landscape areas; special landscape areas,high
http://data.europa.eu/88u/dataset/bus-lanes4,0.8204394578933716,0.8512883186340332,0.6092253923416138,0.6321325302124023,3,Bus Lanes,bus lanes in the City of London.,City of London; bus; lanes,high
http://data.europa.eu/88u/dataset/welsh-lowland-raised-bog-inventory2,0.6966918706893921,0.7147181034088135,0.5806780457496643,0.595702588558197,3,Welsh Lowland Raised Bog Inventory,"This dataset maps the distribution of Lowland Raised Bogs within Wales, giving details on their size, elevation, conservation status, context, and whether they have been surveyed. It was compiled using data from the Phase 2 Lowland Peatland Survey of Wales (2004-2020), and aerial photographs.",Peat Distribution; lowland peatlands; raised bogs,high
http://data.europa.eu/88u/dataset/blue-badges-held,0.8067561388015747,0.5325121879577637,0.8067561388015747,0.5325121879577637,1,Blue Badges held,<p>Number of Blue Badges on issue in Leicester City at the end of the calendar year.</p><p>The data will be updated quarterly.</p>,Blue Badge,high
http://data.europa.eu/88u/dataset/soil-data-from-agricultural-land-under-differing-crop-and-management-regimes-2006-2010-relu-eff,0.7396119832992554,0.7521488666534424,0.544501781463623,0.553731381893158,3,"Soil data from agricultural land under differing crop and management regimes, 2006-2010 - RELU Effects of scale in organic agriculture","This dataset consists of soil data for 64 field sites on paired farm sites, with 29 variables measured for soil texture and structural condition, aggregate stability, organic matter content, soil shear strength, fuel consumption, work rate, infiltration rate, water quality and hydrological condition (HOST) data. The study is part of the NERC Rural Economy and Land Use (RELU) programme. A move to organic farming can have significant effects on wildlife, soil and water quality, as well as changing the ways in which food is supplied, the economics of farm business and indeed the attitudes of farmers themselves. Two key questions were addressed in the SCALE project: what causes organic farms to be arranged in clusters at local, regional and national scales, rather than be spread more evenly throughout the landscape; and how do the ecological, hydrological, socio-economic and cultural impacts of organic farming vary due to neighbourhood effects at a variety of scales. The research was undertaken in 2006-2007 in two study sites: one in the English Midlands, and one in southern England. Both are sites in which organic farming has a 'strong' local presence, which we defined as 10 per cent or more organically managed land within a 10 km radius. Potential organic farms were identified through membership lists of organic farmers provided by two certification bodies (the Soil Association and the Organic Farmers and Growers). Most who were currently farming (i.e. their listing was not out of date) agreed to participate. Conventional farms were identified through telephone listings. Respondents' farms ranged in size from 40 to 3000 acres, with the majority farming between 100 and 1000 acres. Most were mixed crop-livestock farmers, with dairy most common in the southern site, and beef and/or sheep mixed with arable in the Midlands. In total, 48 farms were studied, of which 21 were organic farmers. No respondent had converted from organic to conventional production, whereas 17 had converted from conventional to organic farming. Twelve of the conventional farmers defined themselves as practicing low input agriculture. Farmer interview data from this study are available at the UK Data Archive under study number 6761 (see online resources). Further documentation for this study may be found through the RELU Knowledge Portal and the project's ESRC funding award web page (see online resources).",Effects of Scale in Organic Agriculture; Rural Economy and Land Use Programme; Soil,high
http://data.europa.eu/88u/dataset/halton-conservation-areas1,0.7226738929748535,0.7241971492767334,0.7226738929748535,0.7241971492767334,1,Halton Conservation Areas,Dataset showing Conservation Areas within the Councils administrative area. Areas recorded as polygons,Conservation Areas,high
http://data.europa.eu/88u/dataset/public-toilets14,0.9577731490135193,0.6258831024169922,0.9145159721374512,0.5976154804229736,2,Public Toilets,"The London Assembly Health and Public Services Committee has published a report into the availability of information about public toilets in London. This package provides supporting information from the investigation.
The tables below summarise the information collected by the Assembly for each London Borough.
View the blog about the new format from Victoria Borwick, Chair of the Health and Public Services Committee.",public-toilets; toilets,high
http://data.europa.eu/88u/dataset/parks-and-recreation-grounds,0.5943759679794312,0.5984513163566589,0.5943759679794312,0.5984513163566589,1,Parks and Recreation Grounds,Locations of areas managed as Recreation Grounds and Parks. Upon accessing this Licensed Data you will be deemed to have accepted the terms of the Public Sector End User Licence - INSPIRE ,recreational_area,high
http://data.europa.eu/88u/dataset/london-assembly-committee-members1,0.8041917085647583,0.7301169633865356,0.6654760241508484,0.6041784882545471,3,London Assembly Committee Members,"List of which London Assembly Members sit on each of the Assembly committees

London Assembly committees",assembly-members; committees; london-assembly,high
http://data.europa.eu/88u/dataset/water-framework-directive-wfd-management-catchments-cycle-224,0.7622101902961731,0.6341982483863831,0.7622101902961731,0.6341982483863831,1,Water Framework Directive (WFD) Management Catchments Cycle 2,WFD Management Catchments Cycle 2 is a dataset collated as defined for the implementation of the Water Framework Directive (WFD). Management catchments are the unit of geography for which action plans are drafted in implementing the WFD. This process was conducted by using expert judgement in consultation. WFD Management Catchments have an action plan published that relates to all waterbodies that fall within its boundaries. These data apply to Cycle 2 of the Water Framework Directive,Water Framework Directive (WFD),high
http://data.europa.eu/88u/dataset/york-ward-profiles-2018-19-q3,0.743370771408081,0.592007040977478,0.743370771408081,0.592007040977478,1,York Ward Profiles 2018-19 Q3,These are the York ward profiles containing information up to December 2018 on the 21 electoral wards using the __post May 2015 election boundaries.__,ward profiles,high
http://data.europa.eu/88u/dataset/register-of-private-water-supplies-in-northern-ireland1,0.7811071872711182,0.7040616273880005,0.652569591999054,0.5882025361061096,5,Register of Private Water Supplies in Northern Ireland,"<DIV STYLE=""text-align:Left;""><DIV><DIV><P><SPAN>A private water supply is any supply of water intended for human consumption and not provided by the water undertaker appointed under Article 13 of The Water and Sewerage Services (Northern Ireland) Order 2006, i.e. NI Water Ltd. The Private Water Supplies Regulations (Northern Ireland) 2017 require the Drinking Water Inspectorate (DWI) to hold a register of private water supplies which includes supplies to public or commercial premises or two or more private dwellings where the water is used for drinking, cooking, food preparation or other domestic purposes. This spatial dataset (polygons) illustrates a layer of 100m by 100m squares, each of which is randomly described around a registered private water supply in Northern Ireland. Both private water supplies currently monitored, or historically monitored, by the Drinking Water Inspectorate are identifiable. This dataset is updated regularly by DWI, at least quarterly, most recent update: 30 March 2021.</SPAN></P></DIV></DIV></DIV>",drinking water; private water supplies; private water supplies in northern ireland; private water supply; registered private water suppplies,high
http://data.europa.eu/88u/dataset/heritage-partnerships-agreements,0.9019965529441833,0.5922925472259521,0.9019965529441833,0.5922925472259521,1,Heritage Partnerships Agreements,"A Listed Building Heritage Partnership Agreement (LBHPA) is an agreement between a local planning authority and any owner of a listed building, or group of buildings, which grants listed building consent for types of works (alterations or extensions) to the building(s) for the duration of the agreement.",Heritage Agreements,high
http://data.europa.eu/88u/dataset/community-toilets1,0.7983014583587646,0.7395118474960327,0.7983014583587646,0.7395118474960327,1,Community Toilets,Locations of Public Toilets within the CoL,toilets public toilets,high
http://data.europa.eu/88u/dataset/2021-census-community-handbook,0.7874197959899902,0.6359010338783264,0.7874197959899902,0.6359010338783264,1,2021 Census Community Handbook,"What the census is, why it matters to everyone and how we can work together to spread the word within our communities.",census guide,high
http://data.europa.eu/88u/dataset/bus-routes-in-cheshire-east,0.8185613751411438,0.8433890342712402,0.6700427532196045,0.6903656721115112,2,Bus routes in Cheshire East,Bus Routes - Cheshire East Local Bus Network,Bus routes in Cheshire East; Transport networks,high
http://data.europa.eu/88u/dataset/assets-of-community-value5,0.7587634325027466,0.6680537462234497,0.6684489250183105,0.5885363221168518,3,Assets of Community Value,<p>Details of land and assets with Community Value.</p><p>This dataset is updated on an annual basis</p>,Land assets; Property assets; community asset,high
http://data.europa.eu/88u/dataset/ward-profile-jan-2020-kilburn-ward,0.80051189661026,0.5469344258308411,0.80051189661026,0.5469344258308411,1,Ward Profile Jan-2020 Kilburn ward,"This updated profile incorporate the most recent ward data available from population forecasts, from surveys and from administrative data to give the best current view of the local population. They include current population and forecast changes; household income levels and deprivation; local workplace employment levels; levels of welfare claimants and unemployment benefit recipients; life expectancy and crime.",ward profile,high
http://data.europa.eu/88u/dataset/york-ward-profiles-2019-20-q1,0.7544921040534973,0.5958860516548157,0.7544921040534973,0.5958860516548157,1,York Ward Profiles 2019-20 Q1,"These are the York ward profiles containing information up to June 2019 on the 21 electoral wards using the __post May 2015 election boundaries.__
",ward profiles,high
http://data.europa.eu/88u/dataset/lp-minerals-existing-quarry,0.8526902198791504,1.0000001192092896,0.8526902198791504,1.0000001192092896,1,LP Minerals Existing Quarry,Minerals Existing Quarry,Minerals Existing Quarry,high
http://data.europa.eu/88u/dataset/ward-profile-jan-2020-west-hampstead-ward,0.7628008127212524,0.5469344258308411,0.7628008127212524,0.5469344258308411,1,Ward Profile Jan-2020 West Hampstead ward,"This updated profile incorporate the most recent ward data available from population forecasts, from surveys and from administrative data to give the best current view of the local population. They include current population and forecast changes; household income levels and deprivation; local workplace employment levels; levels of welfare claimants and unemployment benefit recipients; life expectancy and crime.",ward profile,high
http://data.europa.eu/88u/dataset/heritage-buildings,0.8769257068634033,0.6720713376998901,0.7489945888519287,0.5740256309509277,2,Heritage Buildings,Heritage Buildings that the City Corporation are responsible for maintaining.,Heritage; buildings,high
http://data.europa.eu/88u/dataset/stoke-common-compartments1,0.5414226055145264,0.5492614507675171,0.5414226055145264,0.5492614507675171,1,Stoke Common Compartments,Boundaries of compartments used in management planning and recording,compartment boundary,high
http://data.europa.eu/88u/dataset/lp-minerals-area-of-preferred-extension-for-sand-and-gravel-extraction,0.7200867533683777,0.8712693452835083,0.7200867533683777,0.8712693452835083,1,LP Minerals Area of Preferred Extension for Sand and Gravel Extraction,Area of Preferred Extension for Sand and Gravel Extraction,Area of Preferred Extension for Sand and Gravel Ex,high
http://data.europa.eu/88u/dataset/york-ward-profiles-2021-22,0.7655157446861267,0.5908275246620178,0.7655157446861267,0.5908275246620178,1,York Ward Profiles 2021-22,"These are the York ward profiles containing information up to March 2022 on the 21 electoral wards using the __post May 2015 election boundaries.__
",ward profiles,high
http://data.europa.eu/88u/dataset/ward-profile-jan-2020-gospel-oak-ward,0.7316935658454895,0.5469344258308411,0.7316935658454895,0.5469344258308411,1,Ward Profile Jan-2020 Gospel Oak ward,"This updated profile incorporate the most recent ward data available from population forecasts, from surveys and from administrative data to give the best current view of the local population. They include current population and forecast changes; household income levels and deprivation; local workplace employment levels; levels of welfare claimants and unemployment benefit recipients; life expectancy and crime.",ward profile,high
http://data.europa.eu/88u/dataset/processional-route,1.0,0.8027781248092651,1.0,0.8027781248092651,1,Processional Route,The Processional Route in the City of London,Processional Route,high
http://data.europa.eu/88u/dataset/community-infrustructure-levy-cil-charging-zones1,0.5898106098175049,0.8053150177001953,0.4546350836753845,0.6207491755485535,2,Community Infrustructure Levy (CIL) Charging Zones,Community Infrustructure Levy (CIL) Charging Zones polygon layer. This policy area is relevant to City Plan 2036: Strategic Policy S27: Planning Contributions.The Community Infrastructure Levy (CIL) is a charge on new development that is used to help fund the provision of infrastructure in the City of London. The CIL operates through a charging schedule.,CIL; Community Infrastructure Levy,high
http://data.europa.eu/88u/dataset/iwc-shlaa,0.7796343564987183,0.6071316003799438,0.7796343564987183,0.6071316003799438,1,IWC SHLAA,"The Strategic Housing Land Availabilty Assessment (SHLAA) is a piece of evidence which examines the extent to which possible sites, including those suggested by developers, land owners and other parties are suitable, available and achievable over a given timescale.",SHLAA,high
http://data.europa.eu/88u/dataset/york-ward-profiles-2024-25-q3,0.720243513584137,0.587140679359436,0.720243513584137,0.587140679359436,1,York Ward Profiles 2024-25 Q3,"These are the York ward profiles containing information up to December 2024 on the 21 electoral wards using the __post May 2015 election boundaries.__
",ward profiles,high
http://data.europa.eu/88u/dataset/national-flood-risk-maps-201920192021,0.7060065865516663,0.7079449892044067,0.6512447595596313,0.6530327796936035,3,National Flood Risk Maps 2019,"The National Flood Hazard and Risk Maps are based on generalised modelling only. The maps have been published to comply with the Flood Risk Regulations (2009) and the EU Directive (2007/60/EC), and used to inform the creation of Flood Risk Management plans across Wales. These maps have no official status for Planning or Insurance purposes, therefore the public and professionals are advised to use the information contained within the Flood Risk Assessment Wales Map and Development Advice Map/ Flood Map for Planning (as appropriate) for these purposes as these will be more up-to-date and incorporate improved modelling information.   The National Flood Risk Maps have been created for 3 sources of flooding, namely,  1. Flooding from Rivers 2. Flooding from the Sea 3. Flooding from Surface Water & Small Watercourse  The maps show Risk to a range of receptors, grouped in categories of People, Economic and Environment. Risk information is aggregated and displayed at a community scale.  For Rivers and Surface Water & Small Watercourses, High risk is up to 1 in 30year; Medium risk is between 1 in 30 and 1 in 100year; and Low risk is between 1 in 100year and 1 in 1,000year Annual Exceedance Probability (AEP).  For the Sea, High risk is up to 1 in 30 year; Medium risk is between 1 in 30 to 1 in 200 year; and Low risk 1 in 200 year to 1 in 1000 year.",flood hazard; flood risk; floods (flooding),high
http://data.europa.eu/88u/dataset/working-with-natural-processes-wwnp-in-wales-riparian-woodland-potential2,0.7017704844474792,0.605499267578125,0.6495474576950073,0.5604404211044312,2,Working with Natural Processes (WWNP) in Wales: Riparian Woodland Potential,"Working with Natural Processes (WWNP) Riparian Woodland Potential is our best estimate of locations where tree planting may be possible on smaller floodplains close to flow pathways, and effective to attenuate flooding. The dataset is designed to support signposting of riparian areas not already wooded. The dataset is based upon a 50m buffer of available OS Open Data river networks. A set of open access constraints data was used to erase areas which contained existing woodland, watercourses, peat, roads, rail and urban locations.",riparian woodlands; woodland (woodlands),high
http://data.europa.eu/88u/dataset/impacts-of-welfare-changes-july-2016,0.621846079826355,0.6950151324272156,0.48585081100463867,0.543018102645874,3,Impacts Of Welfare Changes July 2016,This presentation is part of an ongoing series of analyses of the impact of housing benefit and other welfare changes. This latest version includes possible impacts of recent government announcements on welfare.,benefit cap; housing benefit; welfare reform,high
http://data.europa.eu/88u/dataset/personal-injury-claims-registered-by-solicitor-and-type,0.6981709003448486,0.7102129459381104,0.5781638622283936,0.5881361365318298,3,Personal Injury Claims Registered by solicitor and type,"Personal injury claims registered, by the firm of solicitors and the type of claim",compensation; injury claims; personal injury,high
http://data.europa.eu/88u/dataset/york-ward-profiles-2024-25,0.7298358678817749,0.5811092257499695,0.7298358678817749,0.5811092257499695,1,York Ward Profiles 2024-25,"These are the York ward profiles containing information up to March 2025 on the 21 electoral wards using the __post May 2015 election boundaries.__
",ward profiles,high
http://data.europa.eu/88u/dataset/highland-council-tree-preservation-orders,0.7285556793212891,0.6473431587219238,0.7285556793212891,0.6473431587219238,1,Highland Council Tree Preservation Orders,"A TPO is made by the Local Authority, under Section 160 of the Town and Country Planning (Scotland) Act 1997, and within the procedures set out in the Town and Country Planning (Tree Preservation Order and Trees in Conservation Areas) (Scotland) Regulations 1975-1984. They are made to protect individual trees, groups of trees or woodlands which have particular amenity value, make a significant contribution to the landscape or townscape or because there may be a potential threat to the trees.","Tree Preservation Orders, TPO",high
http://data.europa.eu/88u/dataset/leaf-phenology-synchrony-for-meso-and-south-america-v2,0.28182584047317505,0.6330684423446655,0.2514151334762573,0.5647565126419067,3,Leaf phenology synchrony for Meso- and South America v2,"The leaf phenology product presented here shows the amplitude of annual cycles observed in MODIS (Moderate Resolution Imaging Spectroradiometer) normalized difference vegetation index (NDVI) and enhanced vegetation index (EVI) 16-day time-series of 2000 to 2013 for Meso- and South America. The values given represent a conservative measure of the amplitude after the annual cycle was identified and tested for significance by means of the Lomb-Scargle Transform. The amplitude was derived for four sets of vegtation indices (VI) time-series based on the MODIS VI products (500m MOD13A1; 1000m MOD13A2). The amplitude value can be interpreted as the degree in which the life cycles of individual leaves of plants observed within a pixel are synchronised. In other words, given the local variation in environment and climate and the diversity of species leaf life cycle strategies, an image pixel will represent vegetation communities behaving between two extremes: * well synchronized, where the leaf bud burst and senescence of the individual plants within the pixel occurs near simultaneously, yielding a high amplitude value. Often this matches with an area of low species diversity (e.g. arable land) or with areas where the growth of all plants is controlled by the same driver (e.g. precipitation). * poorly synchronized, where the leaf bud burst and senescence of individual plants within a pixel occurs at different times of the year, yielding a low amplitude value. Often this matches with an area of high species diversity and/or where several drivers could be controlling growth. Full details about this dataset can be found at https://doi.org/10.5285/dae416b4-3762-45bd-ae14-c554883d482c",enhanced vegetation index (EVI); normalized difference vegetation index (NDVI); vegetation index (VI),high
http://data.europa.eu/88u/dataset/nymnpa-hedgerow-regulations-notifications-points,0.4964314103126526,0.6165621280670166,0.4590282738208771,0.5701078176498413,2,NYMNPA Hedgerow Regulations - notifications (points),"Under the Hedgerows Regulations 1997 it is against the law to remove or destroy certain hedgerows without permission from the local planning authority. The local planning authority are also the enforcement body for offences created by the Regulations. Local planning authority permission is normally required before removing hedges that are at least 20 metres (66 feet) in length, more than 30 years old and contain certain plant species. The authority will assess the importance of the hedgerow using criteria set out in the regulations. 

This dataset contains the removal and retention notices for North York Moors National Park Authority.

This layer should be used in conjunction with the Hedgerow Notifications Linears layer.",Hedgerow Removal and Retention; Hedgerows,high
http://data.europa.eu/88u/dataset/mid-ulster-council-emergency-support-centres,0.8465800881385803,0.793650209903717,0.8465800881385803,0.793650209903717,1,Mid Ulster Council Emergency Support Centres,Mid Ulster Council Emergency Support Centres maintained by the Council and the Community,Emergency Support Centres,high
http://data.europa.eu/88u/dataset/soil-survey-of-moor-house-1965,0.4621764123439789,0.5581987500190735,0.4621764123439789,0.5581987500190735,1,"Soil survey of Moor House, 1965","This dataset contains data from a soil survey at Moor House, Cumbria, UK undertaken by Mike Hornung in 1965 as part of his PhD. It contains information about the soil horizons, chemical analyses and soil mineralogy. Full details about this dataset can be found at https://doi.org/10.5285/e4cf73b0-eef6-4118-a018-40eb374f5de7",Soil,high
http://data.europa.eu/88u/dataset/woodland-grant-scheme3,0.9004316329956055,0.7041004300117493,0.8107771873474121,0.6339944005012512,2,Woodland Grant Scheme,The Woodland Grant Scheme (WGS) provided incentives for people to create and manage woodlands on sites all over Wales. The scheme was run in 3 phases with the last phase ending in 2006.   Woodland Grant Scheme 1 operated between April 1989 and April 1992.  Woodland Grant Scheme 2 operated between April 1992 and September 1994 Woodland Grant Scheme 3 operated between September 1994 and April 2006  Spatial data has been digitised against OS raster backdrops  by the former Forestry Commission wales.,woodland (woodlands); woodland grant scheme,high
http://data.europa.eu/88u/dataset/twbc-local-plan-2006-rural-exception-housing-h811,0.5652709603309631,0.5652709603309631,0.5511646866798401,0.5511646866798401,2,TWBC Local Plan 2006 - Rural Exception Housing H8,TWBC Local Plan 2006 - Rural Exception Housing H8,Local Plan; Local Plan 2006,high
http://data.europa.eu/88u/dataset/tall-buildings-policy-area,0.6919110417366028,0.7527998685836792,0.5194234848022461,0.5651331543922424,3,Tall Buildings Policy Area,Draft planning policy in the City Plan 2040 indicating the location of the tall buildings policy areas.,Planning; Policy: City Plan 2040; Tall Building,high
http://data.europa.eu/88u/dataset/uk-parliamentary-general-election-polling-places1,0.6573371887207031,0.7306575179100037,0.48193296790122986,0.5356884002685547,3,UK Parliamentary General Election Polling Places,The location of UK Parliamentary General Election Polling Places in the City of London,City of London; Election; Polling Places,high
http://data.europa.eu/88u/dataset/core-path-network-fife,0.5903351902961731,0.5550211668014526,0.5903351902961731,0.5550211668014526,1,Core Path Network - Fife,"The Core Paths aim to satisfy the basic needs of local people and visitors for general access and recreation. They comprise a mixture of existing and some new paths. The Core Paths cater for all types of users - walkers, cyclists, horse riders, people with disabilities, and are a key part of outdoor access provision.

The Fife Core Path Network is shown as lines, covering the whole of Fife, on the approved Core Path Plan as defined by a public consultation and public inquiry, as mandated by the Land Reform (Scotland) Act 2003 that placesm,on the local authority, the duty to draw up a plan for a system of paths ('core paths') sufficient for the purpose of giving the public reasonable access throughout their area'.

These 'core paths' systems will be available for recreation and everyday journeys by local people and visitors, providing opportunities for walking, cycling, riding and other activities for all ages and abilities.",core path,high
http://data.europa.eu/88u/dataset/key-areas-of-change,0.6486378908157349,0.8105638027191162,0.48359450697898865,0.6043189764022827,3,Key Areas of Change,Key Areas of Change in the City Plan 2040,Key Area of Change; Planning; Policy: City Plan 2040,high
http://data.europa.eu/88u/dataset/public-rights-of-way44,0.9285029768943787,0.685823380947113,0.9285029768943787,0.685823380947113,1,Public Rights of Way,Known public rights of way in County Durham,public right of way,high
http://data.europa.eu/88u/dataset/england-population-percentage,0.5711712837219238,0.5594145059585571,0.5711712837219238,0.5594145059585571,1,England Population - Percentage,<p>2020 mid-year population estimates for England.</p>,Population,high
http://data.europa.eu/88u/dataset/lp-minerals-area-of-preferred-extension-to-controlled-brine-field,0.7220613956451416,0.8627261519432068,0.7220613956451416,0.8627261519432068,1,LP Minerals Area of Preferred Extension to Controlled Brine field,Area of Preferred Extension to Controlled Brine field,Area of Preferred Extension to Controlled Brine fi,high
http://data.europa.eu/88u/dataset/air-quality-monitoring-sites9,0.6667723059654236,0.6431959867477417,0.6667723059654236,0.6431959867477417,1,Air Quality Monitoring Sites,Location of Air Quality Monitoring sites,environmental monitoring facilities,high
http://data.europa.eu/88u/dataset/am_s_creweandnantwichlocalplansavedpolicies_poly_20171,0.4310625195503235,0.7306175827980042,0.4310625195503235,0.7306175827980042,1,AM_S_CreweAndNantwichLocalPlanSavedPolicies_POLY_2017,Polygon data to indicate sites and policies within Crewe and Nantwich Borough Local Plan saved policies,Crewe and Nantwich Local Plan Saved Policies,high
http://data.europa.eu/88u/dataset/tree-trails-castle-hill-country-park,0.7386540174484253,0.5438517332077026,0.7386540174484253,0.5438517332077026,1,Tree Trails - Castle Hill Country Park,"<p style=""font-family: sans-serif;""><span style='color: rgb(34, 34, 34); font-family: ""Noto Sans"", Arial, sans-serif; font-size: 21.12px;'>T</span><span style='color: rgb(34, 34, 34); font-family: ""Noto Sans"", Arial, sans-serif; font-size: 21.12px;'>he Castle Hill Country Park tree trail allows visitors to have a leisurely walk and find out interesting facts about many of the magnificent trees that reside within the park.</span></p><p style=""font-family: sans-serif;""><span style='color: rgb(34, 34, 34); font-family: ""Noto Sans"", Arial, sans-serif; font-size: 21.12px;'>The 17 trees are all marked with small round numbered metal tags.</span></p><p style=""font-family: sans-serif;""><span style='color: rgb(34, 34, 34); font-family: ""Noto Sans"", Arial, sans-serif; font-size: 21.12px;'>This dataset contains a table of tree details, images of the trees and maps. For users who wish to print out a map of the locations of the trees it is suggested to use the ""Categorised Map"" tab within the dataset for this purpose, accompanied by the table which can be downloaded via the ""Export"" tab.</span></p>",Tree trails,high
http://data.europa.eu/88u/dataset/york-ward-profiles-2021-22-q3,0.7436619400978088,0.5935410857200623,0.7436619400978088,0.5935410857200623,1,York Ward Profiles 2021-22 Q3,"These are the York ward profiles containing information up to December 2021 on the 21 electoral wards using the __post May 2015 election boundaries.__
",ward profiles,high
http://data.europa.eu/88u/dataset/post-offices4,0.8578441739082336,0.7199018001556396,0.7050811648368835,0.5917032957077026,3,Post Offices,Post Offices including names and addresses.,post; post offices; postal,high
http://data.europa.eu/88u/dataset/slope-for-landspreading,0.6962308883666992,0.5339866876602173,0.6962308883666992,0.5339866876602173,1,Slope for Landspreading,The Slope to Landspreading layer is a dataset derived from height data. It provides a colourised visual representation of pertinent slope angles for the regulation of landspreading activities.,slopes,high
http://data.europa.eu/88u/dataset/above-ground-carbon-density-derived-from-lidar-data-over-oil-palm-plantations-in-malaysian-20141,0.5099535584449768,0.7292677164077759,0.394889771938324,0.5647187829017639,4,"Above-ground carbon density derived from LiDAR data over oil palm plantations in Malaysian Borneo, 2014","This data set provides above-ground carbon density derived from LiDAR data over oil palm plantations in the Stability of Altered Forest Ecosystems (SAFE) project site located in Sabah, Malaysian Borneo in 2014. This includes the number of trees in plots and the average forest canopy per hectare at different heights. Data were collected during a project which was included in the NERC Human-modified tropical forest (HMTF) Programme. Full details about this dataset can be found at https://doi.org/10.5285/6e18121c-2184-49df-a852-f3227c28d82f",Human-modified tropical forest (HMTF); Stability of Altered Forest Ecosystems (SAFE); canopy density ; forest density ,high
http://data.europa.eu/88u/dataset/council-cctv-cameras1,0.2431311011314392,0.02061198651790619,0.2044065147638321,0.01732901856303215,2,Council CCTV cameras," CCTV Camera point locations. Attributes include reference numbers and information on camera make, monitoring, ownership and maintainence responsibilities.  Includes Metrobus cctv.",Emergencies; Security,low
http://data.europa.eu/88u/dataset/high-needs-funding-rates-2023-24,0.049625225365161896,-0.08116510510444641,0.049625225365161896,-0.08116510510444641,1,High Needs Funding Rates 2023/24,"Place funding is allocated to:

  all types of special schools, apart from independent special schools
  all types of mainstream school with an SEN unit or RP, and/or a sixth form that has pupils with high needs
  all types of college that educate students who have high needs

Place funding is allocated as an annual amount of core high needs funding. Once place funding is allocated, it is not associated with or reserved for a specific local authority or individual pupil or student. It is for the school or college to decide how best to apportion their total allocated place funding across the actual number of places commissioned by local authorities, considering the provision and support that may be specified in the individual pupils' or students' EHC plan.",BELS,low
http://data.europa.eu/88u/dataset/water-chemistry-of-seven-lakes-in-belarus-and-ukraine-2014-to-20164,0.06691109389066696,0.008745059370994568,0.06691109389066696,0.008745059370994568,1,Water chemistry of seven lakes in Belarus and Ukraine 2014 to 2016,"Data comprise water chemistry measurements (major alkali and alkali-earth element water concentrations and trace element concentrations) recorded over two years at seven lakes in Belarus and Ukraine at distances from 1.5 to 225 km of the Chernobyl Nuclear Power Plant (CNPP). The lakes include Glubokoye, Yanovsky lakes and Cooling Pond (high (H) contaminated lakes), Svyatoye Lake (medium (M) contaminated lake) and Stoyacheye, Dvoriche and Gorova lakes (low (L) contaminated lakes). Full details about this dataset can be found at https://doi.org/10.5285/b29d8ab8-9aa7-4f63-a03d-4ed176c32bf3",Chornobyl,low
http://data.europa.eu/88u/dataset/geophysical-methodologies-for-the-characterisation-of-gas-hydrate-core-hydragas-final-report-to,0.10273413360118866,-0.007426600903272629,0.07697569578886032,-0.005564531311392784,2,Geophysical methodologies for the characterisation of gas hydrate core (HYDRAGAS) - Final Report to NERC Oct04,"Through manufacturing, and geophysically characterising the properties and distribution of a range of synthetic gas hydrate morphologies in a range of sediments in the laboratory, protocols will be established for geophysically logging natural sediment-hydrate core preserved in pressure chambers on board ship. Based on pressure cycling, geophysical behaviour responses will be determined during the start of dissociation and formation. On this basis we then propose to develop protocols to characterise and classify hydrates sampled during ODP Leg 204, significantly improving our understanding of the nature and behaviour of these sediments. This new knowledge will enhance geophysical survey data, better constrain estimates of in-situ hydrates and improve the evaluation of hydrate destabilisation on methane release and slope stability.",NERC_DDC; Reports,low
http://data.europa.eu/88u/dataset/ukccsrc-call-1-project-paper-enhanced-operating-flexibility-and-optimised-off-design-operation-,0.11847127974033356,-0.009649856016039848,0.11847127974033356,-0.009649856016039848,1,UKCCSRC Call 1 project paper: Enhanced operating flexibility and optimised off-design operation of coal plants with post-combustion capture,"The inherent nature of electricity necessitates a permanent balance between generation and demand in electricity systems. This has obvious implications for the operation of CCS power plants in decarbonised electricity systems with inflexible nuclear and variable renewable supply. The low variable costs of nuclear and some intermittent renewable technology allow them to run as base-load generators and shift fossil fuel plants from base-load to midmerit plants. CCS power plants can be expected to increasingly operate in ways to balance variations, sometimes simultaneously, in the production of some intermittent renewable technologies and variations in electricity demand, resulting in more frequent ramping and start/stop cycles. As a result, they may also operate over a wide output range to maintain the quality and security of electricity supply by providing ancillary services, e.g. capacity and energy reserve, to the electricity network. This work characterises the operating envelope, the performance and the corresponding compressed CO2 flow of coal power plants for a range of loads, with or without voluntary by-pass of the capture unit. Optimised part-load operating strategies provide novel insights into the additional capabilities of CCS power plants specifically designed for enhanced operating flexibility. The paper is available at http://www.sciencedirect.com/science/article/pii/S1876610214026010, DOI: doi:10.1016/j.egypro.2014.11.786.",NERC_DDC,low
http://data.europa.eu/88u/dataset/description-of-peatland-sites-included-in-the-compilation-of-carbon-accumulation-rates-nerc-gra,0.08202459663152695,-0.011532625183463097,0.08202459663152695,-0.011532625183463097,1,Description of peatland sites included in the compilation of carbon accumulation rates (NERC grant NE/I012915/1),"Description of peatland sites included in the compilation of carbon accumulation rates, including resolution (high, low), interpolation (yes/no), contributor name, country, lon, lat, peatland type, dominant plant type, no. of dates used in the last millenium carbon accumulation rate calculation, and problems with the data. Peatland sites at northern hemisphere high and mid latitudes (260), tropical (30) and southern hemisphere high latitudes (7 sites).",NERC_DDC,low
http://data.europa.eu/88u/dataset/dudley-inspire-service,0.47881919145584106,0.010679613798856735,0.47881919145584106,0.010679613798856735,1,Dudley INSPIRE service,Dudley Metropolitan Borough Council's OWS providing remote access to a library of individual datasets. Please take note of any licensing requirements provided.,Inspire,low
http://data.europa.eu/88u/dataset/u-th-chronology-results-of-siberian-and-mongolian-speleothems-data-used-as-the-basis-of-a-scien,-0.012124612927436829,0.011917999014258385,-0.012124612927436829,0.011917999014258385,1,"U-Th chronology results of Siberian and Mongolian speleothems, data used as the basis of a scientific paper. (NERC Grant NE/G013829/1)","The data presented in the Table 1 are U-Th chronology results of Siberian and Mongolian speleothems. This data is a basis for a scientific paper of Vaks, A. et al. (2013) ""Speleothems Reveal 500,000-Year History of Siberian Permafrost."" Science 340 (6129): 183-186. The table shows the ages of 111 layers of 36 speleothems taken from the six caves of Siberia and Mongolia. Vadose speleothems grow in caves of unsaturated zone when atmospheric water infiltrates into the caves from the surface. Therefore these speleothems cannot grow in permafrost, as well as in dry desert conditions. Therefore in Siberia the periods of speleothem growth show intervals during which the Siberian permafrost thawed and became discontinuous or absent. In Mongolian Gobi Desert the speleothem deposition periods show when the desert was both humid than present and warm enough to enable water infiltration into the caves. The data presented in tables 2 and 3 are OxCal-4.1 modeling results of the Table 1 chronology data for the Holocene (Table 2) and Marine Isotopic Stage (MIS) 5.5 (Table 3). The tables show exact durations of Holocene and MIS-5.5 permafrost thawing periods in Botovskaya and Okhotnichya Caves.",NERC_DDC,low
http://data.europa.eu/88u/dataset/built-up-area-2011-compared-to-major-towns-and-cities-2015-swipe-map,0.39704638719558716,0.002716607879847288,0.39704638719558716,0.002716607879847288,1,Built-up Area (2011) compared to Major Towns and Cities (2015) Swipe Map,"<p><strong>How would you define the boundaries of a town or city in England and Wales in 2016?</strong></p><p>Maybe your definition would be based on its population size, geographic extent or where the industry and services are located. This was a question the ONS had to consider when creating a new statistical geography called Towns and Cities.</p><p>In reality, the ability to delimit the boundaries of a city or town is difficult!&nbsp;</p><p><strong>Major Towns and Cities</strong></p><p>The new statistical geography, Towns and Cities has been created based on population size and the extent of the built environment. It contains 112 towns and cities in England and Wales, where the residential and/or workday population &gt; 75,000 people at the 2011 Census. It has been constructed using the existing Built-Up Area boundary set produced by Ordnance Survey in 2011.</p><p>This swipe map shows where the towns and cities and built-up areas are different. Just swipe the bar from left to right.</p><p>The blue polygons are the towns and cities and the purple polygons are the built-up areas.</p>",Swipe,low
http://data.europa.eu/88u/dataset/camden-council-average-housing-rent-by-bedroom-size,-0.0326988622546196,-0.06479470431804657,-0.0326988622546196,-0.06479470431804657,1,Camden Council Average Housing Rent By Bedroom Size,This dataset contains average rents of Camden housing stock by bedroom size. These values are from the annual Housing Revenue Account Budget and Rent Review document - links to this document are included in the dataset.,hra,low
http://data.europa.eu/88u/dataset/water-partitioning-between-liquid-iron-and-silicate-melt-at-high-pressure-and-high-temperature-,0.10295570641756058,-0.07187202572822571,0.10295570641756058,-0.07187202572822571,1,"Water Partitioning between Liquid Iron and Silicate Melt at High Pressure and High Temperature (NERC Grant NE/M015181/1, NE/S01134X/1)","The partitioning coefficients of water between iron and silicate melts at 20, 50, 90 and 135 gigapascals (corresponding to 2800, 3500, 3900 and 4200 kelvin) were calculated by using ab initio molecular dynamics and thermodynamic integration techniques. The Gibbs free energy of a series of iron and silicate melts with different concentrations of H2/H2O were calculated. Then the chemical potentials of H2/H2O were derived from the concentration dependent Gibbs free energies at each pressure temperature. The partitioning coefficients can be calculated by equating the chemical potential of H2/H2O in iron and silicate melts. The Weeks-Chandler-Andersen (WCA) system with established thermodynamics was used as the reference.",NERC_DDC,low
http://data.europa.eu/88u/dataset/comparative-transcriptomics-of-a-complex-of-four-european-pine-species,0.05058993026614189,-0.007426673546433449,0.03821864351630211,-0.005610541440546513,2,Comparative transcriptomics of a complex of four European pine species,"Data from whole transcriptome sequencing of the four European pine species - Pinus sylvestris (Scots pine), P. mugo (Dwarf mountain pine), P. uliginosa (Mountain pine) and P. uncinata (Peat-bog pine). Those data include 1) transcriptome sequence of a reference Scots pine sample generated using Illumina paired-end sequencing technology and 2) information about single nucleotide polymorphisms (SNPs) in 17 samples collected across the European range, compared to the reference Scots pine sample. These genomic resources were produced to advance the study of the genetic basis of adaptive variation and speciation in pines. Full details about this dataset can be found at https://doi.org/10.5285/b6900166-ded6-4f7a-8734-484b6f77b2f1",Environmental Monitoring Facilities; Europe,low
http://data.europa.eu/88u/dataset/childrens-centre-reach-areas1,0.07007710635662079,0.010198772884905338,0.07007710635662079,0.010198772884905338,1,Childrens centre reach areas, Catchment areas for individual Childrens Centres.,Care,low
http://data.europa.eu/88u/dataset/ukccsrc-call-1-project-tractable-equations-of-state-for-co2-mixtures-in-ccs-algorithms-for-auto,0.08220631629228592,0.02028574049472809,0.08220631629228592,0.02028574049472809,1,"UKCCSRC Call 1 Project: Tractable equations of state for CO2 mixtures in CCS: algorithms for automated generation and optimisation, tailored to end-users","This project will tackle one of the key technical challenges facing the development of commercially viable CO2 transport networks: modelling the phase behaviour of impure carbon dioxide, under the conditions typically found in carbon capture from power stations, and in high-pressure (liquid phase) and low-pressure (gas phase) pipelines. Models for phase behaviour are known as equations of state (EoS). EoS vary in their mathematical form, accuracy, region of validity and computational complexity. Because different applications have different requirements, there is no single EoS that is ideal for all applications. This project will use cutting-edge computer algorithms to automatically reparameterise EoS for CCS modelling. This flexible technique will allow a user to specify their requirements and re-derive model parameters matched to their needs. Our algorithms will directly produce functional forms for EoS from experimental data, thus fully automating the derivation of EoS. This will enable users to rapidly produce bespoke EoS that are tailored to their particular application, and will enable these models to continually evolve as new measurements become available, ensuring that experimental advances are rapidly converted into improved CCS modelling and, ultimately, better performance and efficiency of real CCS processes. Grant number: UKCCSRC-C1-22.",NERC_DDC,low
http://data.europa.eu/88u/dataset/fife-community-council-boundaries-wfs,-0.022787095978856087,-0.051441822201013565,-0.022787095978856087,-0.051441822201013565,1,Fife Community Council Boundaries (WFS),WFS Service provides dowload capabilities for details of the location and description of Community Councils in Fife,cadastral,low
http://data.europa.eu/88u/dataset/geophysical-methodologies-for-the-characterisation-of-gas-hydrate-core-hydragas-barbican-2003-p,0.050104327499866486,-0.05477830022573471,0.035719942301511765,-0.03905206918716431,2,Geophysical methodologies for the characterisation of gas hydrate core (HYDRAGAS) - Barbican 2003 Presentation,"Through manufacturing, and geophysically characterising the properties and distribution of a range of synthetic gas hydrate morphologies in a range of sediments in the laboratory, protocols will be established for geophysically logging natural sediment-hydrate core preserved in pressure chambers on board ship. Based on pressure cycling, geophysical behaviour responses will be determined during the start of dissociation and formation. On this basis we then propose to develop protocols to characterise and classify hydrates sampled during ODP Leg 204, significantly improving our understanding of the nature and behaviour of these sediments. This new knowledge will enhance geophysical survey data, better constrain estimates of in-situ hydrates and improve the evaluation of hydrate destabilisation on methane release and slope stability.",NERC_DDC; Popular presentation,low
http://data.europa.eu/88u/dataset/ccgbc-off-street-car-parking,0.6293341517448425,-0.020974015817046165,0.4964931011199951,-0.016546785831451416,5,CCGBC Off Street Car Parking,{{default.description}},Car Parking; Car Parks; Causeway Coast and Glens Borough Council; Off Street Car Parks; Parking,low
http://data.europa.eu/88u/dataset/3d-simulation-results-and-animations-of-copper-leaching-transport-and-deposition-in-sedimentary,-0.03942328691482544,-0.02082153595983982,-0.03942328691482544,-0.02082153595983982,1,"3D simulation results and animations of copper leaching, transport and deposition in sedimentary basins during the postrift stage","3D simulation results and animations of copper leaching, transport and deposition in sedimentary basins during the postrift stage according to Scenario 1 in Bahlali et al. (2025). Models are built using surface-based modelling approach (doi:10.1007/s11004-018-9764-8). Flow simulations are run with IC-FERST (multifluids.github.io), using unstructured tetrahedral meshes that adapt to geological heterogeneity and flow behaviour throughout the simulation to improve simulation quality and performance. Folder structure: Simulation: Contains 3D unstructured adaptive mesh output in .vtu format (openable with ParaView, www.paraview.org). Time interval between successive outputs is 50,000 years. Animations: Includes Supplementary Videos (SV) visualising - SV2: 3D view of salt transport over the postrift period (salinity in kg/kg) - SV3: Brine circulation and copper deposition over the postrift period - SV4: 3D view of Cu transport (rock Cu concentration in kg/kg) - SV5: 3D view of Cu transport (groundwater Cu concentration in kg/kg) - SV6: Top view of Cu mineralisation at the redox boundary (rock Cu concentration in kg/kg)",NERC_DDC,low
http://data.europa.eu/88u/dataset/ecosystem-services-variables-from-the-uk-environmental-change-network-ecn,0.10210837423801422,0.0346919521689415,0.05660150572657585,0.01923072338104248,10,Ecosystem services variables from the UK Environmental Change Network (ECN),"73 ecosystem services variables for 11 Environmental Change Network (ECN) sites throughout the UK mainland. The variables cover provisioning (food, fibre, fuel, genetic resources, biochemical and pharmaceuticals, ornamental), regulating (air quality regulation, climate regulation, water regulation, erosion, human diseases, biological control, pollination, natural hazard, other hazards) and cultural (cultural diversity) service types. The list of variables was agreed at an ECN site manager's workshop as representative of the high level categories defined by the Millennium Ecosystem Assessment. The variables were calculated from data from three sources (i) data collected for the ECN to standard ECN protocols, (ii) data obtained by site managers from a variety of other sources for their site and (iii) expert knowledge of site managers. The data were from a single year (usually 2009) or were averages of annual measurements. Established in 1992, the ECN is the UK's long-term environmental monitoring and research programme and makes regular measurements of air, soil, water and a range of animals and plants across a network of sites to determine how and why the natural environment is changing. The ECN is a multi-agency programme sponsored by a consortium of UK government departments and agencies. Full details about this dataset can be found at https://doi.org/10.5285/2c5f823d-0dca-4e66-b021-de3e81131979",Alice Holt; Cairngorm; Drayton; Glensaugh; Habitats and Biotopes; Moor House; North Wyke; Rothamsted; Snowdon; Sourhope,low
http://data.europa.eu/88u/dataset/laboratory-experimental-data-on-time-dependent-rock-deformation-by-the-mechanism-of-brittle-cre,0.09408271312713623,-0.07587051391601562,0.09408271312713623,-0.07587051391601562,1,Laboratory experimental data on time-dependent rock deformation by the mechanism of brittle creep (NERC grant NE/G016909/1),Laboratory experimental data on time-dependent rock deformation by the mechanism of brittle creep. The data was obtained from laboratory triaxial deformation experiments. The full dataset also includes a compilation of data on this topic from other laboratories that has previously been published in the open literature.,NERC_DDC,low
http://data.europa.eu/88u/dataset/ukccsrc-call-1-project-multiphase-flow-modelling-for-risk-assessment-of-dense-phase-co2-pipelin,0.08489853143692017,0.006884448230266571,0.08489853143692017,0.006884448230266571,1,UKCCSRC Call 1 Project: Multiphase flow modelling for risk assessment of dense phase CO2 pipelines containing impurities,"This project will develop and experimentally validate a heterogeneous flow model for predicting the transient depressurisation and outflow following the puncture of dense phase CO2 pipelines containing typical impurities. Such data is expected to serve as the source term for the quantitative consequence failure assessment of CO2 pipelines including near field and far field dispersion, fracture propagation and blowdown. Grant number: UKCCSRC-C1-07. UKCCSRC - UK Carbon Capture and Storage Research Centre.",NERC_DDC,low
http://data.europa.eu/88u/dataset/geochemical-data-for-5-palaeosols-from-a-60-million-year-time-series-from-the-late-silurian-420,0.05930762365460396,-0.023138273507356644,0.05930762365460396,-0.023138273507356644,1,Geochemical data for 5 Palaeosols from a 60 million year time series from the late Silurian (420 Ma) to late Devonian (390 Ma) across the Eastern side of North America. (NERC Grant NE/J007471/1),"The data relate to the description and geochemical analysis of palaeosols from 5 localities spanning 60 million years from late Silurian to Late Devonian across the NE of North America, encompassing the rise of forested ecosystems. One of the sites (Cairo, New York State) was sampled by drilling cores up to 3m depth through one of the earliest fossil forest sites in the world. The cores were sawn lengthways and half of each has been retained by the New York State Museum Albany NY. The data we provide includes field context photographs of the sites and the samples that were taken, photographic logs of the drilled rock cores annotated with details of the parts that have been sampled, together with detailed geochemical analyses including XRF, XRD and ICP-MS analyses of acid dissolved samples. The 5 localities are sites where there are published records of fossil plants and palaeosols. Late Silurian deposit at Bloomsburg, Pennsylvania; Lower Devonian deposit at Gaspe Bay Quebec; Miiddle Devonian forest at Cairo Quarry New York State; slightly later middle Devonian forest at Gilboa, New York; and late Devonian site at Red Hill Hyner, Pennsylvania.",NERC_DDC,low
http://data.europa.eu/88u/dataset/strategic-cultural-areas5,0.26579540967941284,0.011258544400334358,0.26579540967941284,0.011258544400334358,1,Strategic Cultural Areas,This is a London Plan designation and covers the South Kensington Museum Complex,land use,low
